main_player_win,main_player_miniseries_wins,main_player_losses,main_player_miniseries_losses,main_player_tier,main_player_league_points,main_player_champion_level,main_player_champion_experience,ally_0_wins,ally_0_miniseries_wins,ally_0_losses,ally_0_miniseries_losses,ally_0_tier,ally_0_league_points,ally_0_champion_level,ally_0_champion_experience,ally_1_wins,ally_1_miniseries_wins,ally_1_losses,ally_1_miniseries_losses,ally_1_tier,ally_1_league_points,ally_1_champion_level,ally_1_champion_experience,ally_2_wins,ally_2_miniseries_wins,ally_2_losses,ally_2_miniseries_losses,ally_2_tier,ally_2_league_points,ally_2_champion_level,ally_2_champion_experience,ally_3_wins,ally_3_miniseries_wins,ally_3_losses,ally_3_miniseries_losses,ally_3_tier,ally_3_league_points,ally_3_champion_level,ally_3_champion_experience,rival_0_wins,rival_0_miniseries_wins,rival_0_losses,rival_0_miniseries_losses,rival_0_tier,rival_0_league_points,rival_0_champion_level,rival_0_champion_experience,rival_1_wins,rival_1_miniseries_wins,rival_1_losses,rival_1_miniseries_losses,rival_1_tier,rival_1_league_points,rival_1_champion_level,rival_1_champion_experience,rival_2_wins,rival_2_miniseries_wins,rival_2_losses,rival_2_miniseries_losses,rival_2_tier,rival_2_league_points,rival_2_champion_level,rival_2_champion_experience,rival_3_wins,rival_3_miniseries_wins,rival_3_losses,rival_3_miniseries_losses,rival_3_tier,rival_3_league_points,rival_3_champion_level,rival_3_champion_experience,rival_4_wins,rival_4_miniseries_wins,rival_4_losses,rival_4_miniseries_losses,rival_4_tier,rival_4_league_points,rival_4_champion_level,rival_4_champion_experience
229,0,206,0,PLATINUM_III,33,12,8714,244,0,236,0,PLATINUM_IV,75,10,6444,96,0,92,0,PLATINUM_IV,60,12,9075,205,0,217,0,PLATINUM_IV,0,10,7248,76,0,75,0,PLATINUM_II,2,9,5433,101,0,117,0,PLATINUM_III,0,12,9785,44,0,50,0,PLATINUM_II,25,13,10858,186,0,157,0,PLATINUM_III,34,11,8353,91,0,95,0,GOLD_I,34,11,8250,376,0,354,0,PLATINUM_II,28,11,7954
229,0,206,0,PLATINUM_III,33,13,10452,320,0,293,0,PLATINUM_IV,98,12,9242,171,0,143,0,PLATINUM_II,72,13,10316,208,0,192,0,PLATINUM_III,44,12,9170,376,0,354,0,PLATINUM_II,28,12,9493,30,0,27,0,PLATINUM_IV,61,12,9810,270,0,240,0,PLATINUM_III,15,10,7244,93,0,96,0,PLATINUM_IV,13,13,10219,274,0,279,0,PLATINUM_IV,75,11,8332,347,0,351,0,PLATINUM_III,15,9,6067
229,0,206,0,PLATINUM_III,33,14,11674,53,0,45,0,PLATINUM_III,0,14,12395,162,0,157,0,PLATINUM_IV,67,14,11862,398,0,391,0,PLATINUM_IV,13,13,11057,186,0,158,0,PLATINUM_I,15,12,9717,84,0,80,0,GOLD_II,75,15,13448,53,0,47,0,PLATINUM_II,7,17,16854,180,0,181,0,PLATINUM_III,48,16,16172,274,0,279,0,PLATINUM_IV,75,14,11797,12,0,19,0,PLATINUM_II,62,14,12146
28,0,19,0,PLATINUM_IV,37,15,14090,30,0,23,0,PLATINUM_IV,37,18,18667,217,0,216,0,PLATINUM_III,15,16,14951,219,0,205,0,PLATINUM_II,0,13,11126,92,0,68,0,PLATINUM_II,38,13,11034,94,0,88,0,PLATINUM_III,25,14,12895,46,0,36,0,PLATINUM_III,39,14,12697,463,0,458,0,PLATINUM_III,0,15,13059,120,0,115,0,PLATINUM_II,20,13,11301,292,0,283,0,PLATINUM_IV,76,13,10664
86,0,90,0,PLATINUM_II,82,17,17311,457,0,432,0,PLATINUM_I,5,15,13769,71,0,65,0,PLATINUM_IV,67,14,12930,28,0,26,0,PLATINUM_IV,38,15,13695,34,0,34,0,PLATINUM_IV,54,14,12096,94,0,88,0,PLATINUM_III,25,13,10379,158,0,153,0,PLATINUM_III,17,15,14305,88,0,85,0,PLATINUM_III,16,14,12953,220,0,188,0,PLATINUM_III,75,15,13039,548,0,535,0,PLATINUM_I,51,13,10190
207,0,209,0,PLATINUM_I,10,16,16001,551,0,534,0,DIAMOND_IV,0,16,14788,161,0,161,0,PLATINUM_II,0,16,15872,260,0,284,0,PLATINUM_I,0,15,13492,55,0,63,0,PLATINUM_II,55,13,10948,94,0,88,0,PLATINUM_III,25,14,12733,39,0,38,0,PLATINUM_II,12,15,13931,287,0,259,0,PLATINUM_II,37,15,13360,104,0,108,0,PLATINUM_IV,91,15,13624,87,0,91,0,PLATINUM_I,35,13,10429
126,0,112,0,PLATINUM_III,42,14,11508,204,0,204,0,PLATINUM_II,59,14,12877,152,0,132,0,PLATINUM_II,29,15,14016,84,0,82,0,PLATINUM_III,44,14,11508,277,0,265,0,PLATINUM_II,75,12,9646,94,0,88,0,PLATINUM_III,25,11,7896,172,0,192,0,PLATINUM_III,59,13,10967,202,0,201,0,PLATINUM_IV,49,11,8341,676,0,640,0,PLATINUM_I,49,12,9751,106,0,87,0,PLATINUM_II,44,12,8596
112,0,91,0,PLATINUM_II,42,16,15150,350,0,348,0,PLATINUM_IV,16,14,12973,202,0,185,0,PLATINUM_I,59,15,14214,88,0,79,0,PLATINUM_III,75,14,12554,213,0,213,0,PLATINUM_II,57,12,9949,94,0,88,0,PLATINUM_III,25,15,14413,109,0,108,0,PLATINUM_IV,32,16,15397,540,0,546,0,PLATINUM_III,45,17,17471,495,0,464,0,PLATINUM_III,32,16,16061,131,0,133,0,PLATINUM_III,16,15,13623
127,0,132,0,PLATINUM_IV,17,15,13589,311,0,298,0,PLATINUM_IV,59,15,13284,104,0,103,0,PLATINUM_IV,77,16,14951,72,0,62,0,PLATINUM_III,40,15,13280,13,0,10,0,GOLD_I,7,14,11512,300,0,298,0,PLATINUM_IV,35,16,16148,646,0,637,0,PLATINUM_III,30,17,16681,62,0,65,0,DIAMOND_IV,1,16,16075,257,0,212,0,PLATINUM_I,35,17,16862,176,0,165,0,GOLD_II,46,13,10383
48,0,41,0,PLATINUM_IV,0,16,16319,134,0,121,0,PLATINUM_III,0,17,17461,215,0,196,0,PLATINUM_I,0,15,14321,72,0,62,0,PLATINUM_III,40,16,15210,13,0,10,0,GOLD_I,7,13,10372,343,0,336,0,PLATINUM_IV,55,16,15370,223,0,226,0,PLATINUM_III,26,14,12609,308,0,288,0,PLATINUM_III,73,14,12793,49,0,58,0,GOLD_I,60,14,12226,277,0,273,0,PLATINUM_III,13,12,9192
99,0,92,0,PLATINUM_IV,73,16,16444,395,0,383,0,PLATINUM_IV,75,18,19622,194,0,220,0,PLATINUM_III,0,16,15768,72,0,62,0,PLATINUM_III,40,16,16168,13,0,10,0,GOLD_I,7,16,15616,190,0,168,0,PLATINUM_III,97,18,24200,36,0,15,0,PLATINUM_IV,1,18,20166,220,0,213,0,GOLD_II,0,18,19335,47,0,45,0,GOLD_III,70,17,18198,443,0,436,0,PLATINUM_III,14,17,17630
345,0,331,0,PLATINUM_IV,58,18,25006,236,0,231,0,GOLD_II,48,18,18390,193,0,174,0,PLATINUM_II,76,18,19004,72,0,62,0,PLATINUM_III,40,17,18077,13,0,10,0,GOLD_I,7,15,14040,97,0,93,0,PLATINUM_II,0,17,17429,557,0,559,0,GOLD_I,26,15,13376,301,0,287,0,PLATINUM_IV,75,15,14384,79,0,71,0,PLATINUM_IV,43,14,12131,359,0,365,0,PLATINUM_III,84,14,12930
225,0,211,0,PLATINUM_II,37,16,15904,486,0,485,0,PLATINUM_IV,1,17,18158,150,0,139,0,PLATINUM_IV,49,17,17898,72,0,62,0,PLATINUM_III,40,17,17114,13,0,10,0,GOLD_I,7,16,15111,56,0,50,0,PLATINUM_IV,79,15,14117,217,0,209,0,GOLD_I,0,16,15578,131,0,129,0,PLATINUM_IV,18,17,18244,75,0,93,0,PLATINUM_II,47,16,15080,99,0,117,0,GOLD_II,32,14,12701
115,0,138,0,PLATINUM_III,34,18,22302,8,0,13,0,PLATINUM_IV,40,17,17644,42,0,32,0,PLATINUM_IV,38,17,17619,54,0,40,0,DIAMOND_II,0,17,16874,90,0,105,0,DIAMOND_III,46,15,14449,5,0,5,0,SILVER_IV,28,17,17680,12,0,14,0,GOLD_IV,53,15,13065,12,0,14,0,GOLD_IV,53,17,16788,12,0,14,0,GOLD_IV,53,17,18124,12,0,14,0,GOLD_IV,53,15,13643
345,0,332,0,PLATINUM_II,0,16,16464,116,0,102,0,PLATINUM_III,60,15,14537,43,0,31,0,PLATINUM_III,75,14,12321,280,0,259,0,PLATINUM_I,54,15,13721,355,0,340,0,PLATINUM_III,0,13,11081,28,0,26,0,PLATINUM_III,13,17,17492,42,0,51,0,PLATINUM_III,75,15,14039,551,0,565,0,PLATINUM_II,86,17,18308,101,0,84,0,PLATINUM_I,0,15,14574,35,0,38,0,PLATINUM_III,8,14,11959
162,0,132,0,DIAMOND_IV,63,15,14036,78,0,76,0,PLATINUM_III,61,13,10623,58,0,36,0,PLATINUM_I,39,15,13044,83,0,75,0,PLATINUM_III,55,14,12562,46,0,49,0,PLATINUM_IV,15,12,9753,28,0,26,0,PLATINUM_III,13,16,16064,203,0,196,0,PLATINUM_II,79,16,15397,135,0,134,0,PLATINUM_I,62,15,13807,174,0,152,0,PLATINUM_II,13,14,12491,235,0,234,0,PLATINUM_I,64,16,15767
31,0,36,0,PLATINUM_III,19,15,13289,65,0,48,0,PLATINUM_III,53,16,15575,77,0,67,0,PLATINUM_III,50,16,15426,36,0,32,0,PLATINUM_III,3,14,12973,82,0,73,0,PLATINUM_III,82,13,10810,28,0,26,0,PLATINUM_III,13,13,11164,282,0,255,0,PLATINUM_II,87,13,10462,9,0,12,0,GOLD_I,10,14,11702,99,0,103,0,PLATINUM_III,9,13,10676,398,0,392,0,PLATINUM_III,51,11,7888
298,0,262,0,DIAMOND_IV,0,13,10046,606,0,606,0,PLATINUM_III,12,12,8810,343,0,342,0,PLATINUM_III,59,13,10454,500,0,469,0,PLATINUM_II,15,12,9310,423,0,385,0,DIAMOND_III,19,10,7095,28,0,26,0,PLATINUM_III,13,12,9696,33,0,25,0,PLATINUM_II,67,10,7245,79,0,91,0,PLATINUM_IV,20,12,9832,483,0,446,0,DIAMOND_IV,70,10,6792,131,0,95,0,PLATINUM_III,34,9,5213
251,0,233,0,PLATINUM_III,34,17,16733,107,0,89,0,PLATINUM_IV,61,16,16415,56,0,67,0,GOLD_III,0,15,14466,75,0,59,0,GOLD_I,18,16,15333,158,0,154,0,GOLD_III,14,15,13451,26,0,19,0,PLATINUM_IV,1,18,20400,76,0,82,0,PLATINUM_IV,1,16,16075,484,0,481,0,PLATINUM_IV,36,17,17777,224,0,224,0,GOLD_III,28,17,16992,102,0,97,0,SILVER_IV,75,15,13590
251,0,233,0,PLATINUM_III,34,14,11915,147,0,127,0,PLATINUM_IV,0,13,11425,37,0,46,0,GOLD_I,100,13,11234,54,0,80,0,SILVER_IV,0,12,9495,35,0,36,0,GOLD_II,16,14,11881,491,0,485,0,GOLD_II,3,14,12129,130,0,117,0,PLATINUM_III,47,17,16540,21,0,31,0,PLATINUM_I,18,16,14993,13,0,21,0,SILVER_I,54,16,15122,56,0,61,0,GOLD_IV,0,12,9290
387,0,390,0,PLATINUM_III,0,10,7047,212,0,227,0,PLATINUM_IV,1,11,8418,248,0,243,0,PLATINUM_IV,48,13,10195,188,0,190,0,PLATINUM_IV,48,12,9432,376,0,359,0,PLATINUM_III,22,11,8477,138,0,132,0,PLATINUM_IV,90,13,10700,581,0,524,0,PLATINUM_II,1,13,10173,173,0,167,0,PLATINUM_III,40,13,10874,299,0,280,0,PLATINUM_III,68,13,11146,588,0,591,0,PLATINUM_III,20,11,7922
387,0,390,0,PLATINUM_III,0,12,9524,27,0,19,0,GOLD_I,55,14,11713,218,0,213,0,PLATINUM_III,43,15,13183,8,0,12,0,GOLD_II,62,14,11946,94,0,90,0,PLATINUM_III,15,12,8834,158,0,124,0,PLATINUM_I,35,14,12745,289,0,279,0,PLATINUM_III,0,16,15700,62,0,53,0,PLATINUM_IV,64,17,16733,179,0,194,0,PLATINUM_III,52,14,12785,99,0,91,0,GOLD_I,84,13,11002
315,0,282,0,PLATINUM_III,25,13,10009,623,0,613,0,PLATINUM_IV,79,12,9346,152,0,132,0,PLATINUM_II,29,12,9834,398,0,391,0,PLATINUM_IV,13,12,9515,186,0,158,0,PLATINUM_I,15,12,8739,347,0,361,0,PLATINUM_IV,67,15,13345,75,0,84,0,PLATINUM_II,53,15,13228,83,0,67,0,PLATINUM_III,61,16,15353,227,0,208,0,PLATINUM_II,14,14,11609,298,0,299,0,PLATINUM_IV,61,12,9004
24,0,23,0,GOLD_I,80,14,11785,57,0,48,0,GOLD_I,100,12,9164,296,0,303,0,PLATINUM_III,14,13,10731,46,0,48,0,GOLD_I,26,11,7987,327,0,331,0,PLATINUM_IV,75,11,7836,167,0,169,0,PLATINUM_III,0,16,14948,95,0,100,0,PLATINUM_III,29,13,10980,83,0,67,0,PLATINUM_III,61,16,15607,52,0,61,0,PLATINUM_III,18,12,9062,57,0,67,0,PLATINUM_IV,33,13,10126
43,0,43,0,SILVER_IV,34,14,12756,10,0,15,0,SILVER_IV,67,13,10898,23,0,26,0,SILVER_IV,88,14,12770,248,0,233,0,SILVER_II,0,13,10071,24,0,43,0,SILVER_IV,17,12,9437,110,0,106,0,SILVER_IV,13,15,13951,146,0,121,0,GOLD_III,58,17,16781,83,0,67,0,PLATINUM_III,61,18,19588,75,0,82,0,SILVER_I,0,15,13697,59,0,63,0,GOLD_IV,0,13,10020
71,0,54,0,PLATINUM_IV,0,15,13143,135,0,159,0,PLATINUM_IV,44,17,17640,43,0,32,0,GOLD_I,69,15,14179,49,0,55,0,PLATINUM_IV,0,14,11726,189,0,200,0,PLATINUM_III,14,13,11286,42,0,45,0,PLATINUM_IV,0,17,17434,58,0,70,0,PLATINUM_IV,73,13,10741,83,0,67,0,PLATINUM_III,61,15,13679,60,0,48,0,GOLD_II,75,13,10181,157,0,137,0,PLATINUM_IV,62,11,8247
107,0,109,0,GOLD_II,6,13,11434,192,0,174,0,PLATINUM_II,75,13,10557,410,0,399,0,PLATINUM_II,0,13,10989,92,0,88,0,PLATINUM_IV,92,11,8490,166,0,157,0,PLATINUM_IV,63,11,7512,51,0,50,0,GOLD_III,47,12,8904,289,0,291,0,PLATINUM_III,54,11,7745,83,0,67,0,PLATINUM_III,61,10,7167,60,0,48,0,GOLD_II,75,11,8014,153,0,140,0,PLATINUM_II,31,9,5901
310,0,298,0,PLATINUM_IV,0,10,7014,125,0,105,0,PLATINUM_III,0,10,6748,344,0,363,0,PLATINUM_IV,0,13,10200,32,0,42,0,PLATINUM_III,36,9,5764,68,0,90,0,GOLD_II,2,9,5306,347,0,322,0,PLATINUM_II,8,12,9610,153,0,129,0,GOLD_I,50,12,9595,60,0,48,0,PLATINUM_III,75,13,10044,79,0,82,0,PLATINUM_IV,90,12,9632,31,0,22,0,GOLD_II,34,11,7349
312,0,302,0,PLATINUM_IV,55,16,15297,114,0,125,0,PLATINUM_IV,59,14,11625,232,0,216,0,PLATINUM_IV,65,16,14808,16,0,13,0,GOLD_I,100,13,11226,49,0,56,0,GOLD_II,92,13,10722,153,0,129,0,GOLD_I,50,14,12836,180,0,176,0,PLATINUM_IV,40,12,9187,60,0,48,0,PLATINUM_III,75,13,10173,313,0,300,0,PLATINUM_IV,12,10,7224,177,0,164,0,PLATINUM_IV,0,11,7679
49,0,45,0,PLATINUM_IV,49,18,21231,136,0,129,0,PLATINUM_II,1,18,22003,45,0,38,0,GOLD_I,100,18,23635,139,0,128,0,PLATINUM_II,32,18,19446,78,0,90,0,GOLD_I,34,17,16528,163,0,159,0,PLATINUM_IV,75,18,24908,280,0,274,0,PLATINUM_IV,64,17,17052,60,0,48,0,PLATINUM_III,75,17,16516,77,0,67,0,PLATINUM_IV,18,16,15129,153,0,129,0,GOLD_I,50,15,13318
228,0,206,0,PLATINUM_IV,0,15,13272,23,0,34,0,PLATINUM_IV,40,16,16372,41,0,44,0,GOLD_I,23,15,14535,19,0,14,0,GOLD_I,100,15,13207,280,0,257,0,PLATINUM_IV,48,14,12384,182,0,160,0,PLATINUM_III,15,17,16519,205,0,198,0,PLATINUM_IV,10,6,2517,60,0,48,0,PLATINUM_III,75,14,12391,54,0,44,0,PLATINUM_III,8,15,13722,153,0,129,0,GOLD_I,50,14,11737
58,0,37,0,GOLD_I,100,15,14265,142,0,129,0,PLATINUM_I,43,15,14419,406,0,367,0,PLATINUM_IV,57,15,14238,204,0,196,0,PLATINUM_IV,18,15,13428,182,0,170,0,PLATINUM_IV,1,13,10997,157,0,162,0,PLATINUM_IV,19,14,12746,136,0,138,0,PLATINUM_III,0,14,12676,60,0,48,0,PLATINUM_III,75,13,10141,163,0,159,0,PLATINUM_IV,75,14,12367,153,0,129,0,GOLD_I,50,12,9844
35,0,38,0,PLATINUM_III,69,15,13292,81,0,77,0,PLATINUM_III,76,15,14354,24,0,26,0,PLATINUM_IV,30,15,13820,37,0,23,0,PLATINUM_II,0,15,13285,386,0,345,0,PLATINUM_IV,83,14,11473,285,0,281,0,PLATINUM_IV,8,16,14766,53,0,53,0,PLATINUM_III,72,16,15329,74,0,80,0,PLATINUM_II,0,17,17340,489,0,465,0,PLATINUM_II,0,15,13240,273,0,269,0,PLATINUM_II,4,14,12705
73,0,66,0,DIAMOND_IV,0,14,12025,58,0,45,0,PLATINUM_III,55,15,13239,70,0,58,0,GOLD_II,89,13,11280,143,0,146,0,PLATINUM_III,82,12,9370,153,0,157,0,PLATINUM_II,0,11,8016,48,0,50,0,PLATINUM_III,53,16,16273,53,0,53,0,PLATINUM_III,72,15,13413,74,0,80,0,PLATINUM_II,0,14,12291,327,0,303,0,DIAMOND_IV,35,15,13239,42,0,35,0,PLATINUM_II,0,12,9922
65,0,66,0,GOLD_I,0,16,15184,57,0,58,0,PLATINUM_I,100,15,14613,322,0,299,0,DIAMOND_IV,1,15,14269,200,0,179,0,PLATINUM_IV,73,15,13640,105,0,120,0,PLATINUM_III,38,15,13164,350,0,348,0,PLATINUM_III,61,15,13623,53,0,53,0,PLATINUM_III,72,14,11602,74,0,80,0,PLATINUM_II,0,15,13490,209,0,192,0,PLATINUM_I,79,15,13084,280,0,294,0,PLATINUM_II,9,12,9041
100,0,77,0,PLATINUM_I,100,2,602,275,0,236,0,DIAMOND_IV,51,3,833,144,0,120,0,PLATINUM_I,23,3,935,211,0,204,0,PLATINUM_III,34,3,692,367,0,362,0,PLATINUM_IV,23,1,0,109,0,89,0,PLATINUM_I,0,3,965,53,0,53,0,PLATINUM_III,72,3,678,74,0,80,0,PLATINUM_II,0,3,965,364,0,334,0,PLATINUM_II,71,2,564,179,0,177,0,PLATINUM_IV,0,2,564
290,0,290,0,PLATINUM_II,26,15,13851,179,0,170,0,PLATINUM_III,63,15,14329,365,0,343,0,PLATINUM_II,19,16,14915,336,0,305,0,PLATINUM_I,46,16,14726,185,0,180,0,DIAMOND_IV,0,13,11413,192,0,163,0,PLATINUM_III,28,14,11991,53,0,53,0,PLATINUM_III,72,15,13371,74,0,80,0,PLATINUM_II,0,14,12281,679,0,699,0,PLATINUM_IV,0,14,12005,95,0,73,0,PLATINUM_II,61,12,8834
29,0,39,0,PLATINUM_I,30,15,14555,99,0,108,0,PLATINUM_II,95,14,11622,10,0,14,0,PLATINUM_III,63,16,15300,739,0,733,0,DIAMOND_III,1,15,13734,109,0,92,0,PLATINUM_I,43,13,10124,71,0,73,0,PLATINUM_I,82,18,18484,37,0,50,0,PLATINUM_I,0,17,17218,306,0,296,0,DIAMOND_IV,31,17,17995,97,0,98,0,DIAMOND_III,30,15,13229,130,0,123,0,DIAMOND_IV,0,13,11213
138,0,127,0,PLATINUM_I,59,18,25192,193,0,169,0,PLATINUM_I,0,18,23500,10,0,14,0,PLATINUM_III,63,18,24169,99,0,108,0,PLATINUM_II,95,18,20808,21,0,24,0,PLATINUM_II,69,17,17926,240,0,217,0,DIAMOND_IV,64,18,23843,265,0,253,0,PLATINUM_II,39,18,18697,53,0,46,0,PLATINUM_I,15,18,23187,159,0,159,0,DIAMOND_IV,25,18,22997,226,0,257,0,DIAMOND_III,6,17,17722
17,0,22,0,PLATINUM_II,34,10,6159,357,0,360,0,PLATINUM_IV,88,10,6693,10,0,14,0,PLATINUM_III,63,10,6199,147,0,145,0,PLATINUM_IV,33,12,9332,153,0,159,0,PLATINUM_III,3,9,5187,144,0,131,0,PLATINUM_I,0,9,5706,259,0,273,0,PLATINUM_IV,77,12,9301,42,0,32,0,PLATINUM_IV,38,11,7536,287,0,287,0,PLATINUM_IV,61,10,6554,632,0,636,0,PLATINUM_II,75,12,9578
241,0,236,0,PLATINUM_IV,6,10,6952,62,0,77,0,PLATINUM_IV,43,11,8224,10,0,14,0,PLATINUM_III,63,11,8360,168,0,166,0,PLATINUM_II,31,11,7560,153,0,159,0,PLATINUM_III,3,9,5727,22,0,9,0,PLATINUM_II,26,13,10868,384,0,384,0,PLATINUM_II,58,12,8956,15,0,9,0,GOLD_II,0,13,10362,66,0,62,0,PLATINUM_III,44,11,7692,52,0,49,0,PLATINUM_III,55,11,8376
244,0,214,0,PLATINUM_II,0,15,14105,357,0,360,0,PLATINUM_IV,88,13,11420,10,0,14,0,PLATINUM_III,63,16,15026,68,0,65,0,PLATINUM_IV,0,14,12325,153,0,159,0,PLATINUM_III,3,14,12538,314,0,303,0,PLATINUM_III,49,17,18261,117,0,102,0,PLATINUM_II,36,17,17408,129,0,111,0,PLATINUM_I,28,17,16695,419,0,380,0,PLATINUM_II,0,16,15106,283,0,269,0,PLATINUM_II,44,14,12352
109,0,99,0,PLATINUM_III,15,15,14315,492,0,461,0,PLATINUM_III,18,16,14851,33,0,27,0,PLATINUM_IV,42,16,15093,91,0,79,0,PLATINUM_III,42,14,12195,92,0,81,0,PLATINUM_III,3,14,12120,27,0,17,0,GOLD_II,75,16,16284,124,0,146,0,PLATINUM_IV,61,13,10138,226,0,203,0,PLATINUM_III,0,14,12956,63,0,51,0,GOLD_I,39,12,9546,108,0,69,0,PLATINUM_IV,1,12,9150
109,0,99,0,PLATINUM_III,15,15,13910,513,0,501,0,PLATINUM_IV,72,13,11380,136,0,132,0,PLATINUM_III,39,14,11513,24,0,23,0,GOLD_I,100,13,10364,24,0,23,0,GOLD_I,22,12,9801,159,0,166,0,PLATINUM_IV,60,13,11100,26,0,22,0,GOLD_II,72,11,7360,406,0,367,0,PLATINUM_IV,57,11,8079,132,0,120,0,PLATINUM_II,74,11,7981,17,0,18,0,GOLD_IV,21,9,5969
109,0,99,0,PLATINUM_III,15,18,22003,112,0,105,0,PLATINUM_III,30,18,26348,31,0,30,0,GOLD_I,100,18,25690,24,0,17,0,GOLD_I,26,18,27022,233,0,217,0,PLATINUM_III,18,18,19988,48,0,47,0,PLATINUM_IV,18,18,25460,94,0,88,0,PLATINUM_III,0,18,27094,309,0,317,0,PLATINUM_IV,45,18,21261,221,0,225,0,PLATINUM_IV,45,18,26569,71,0,69,0,PLATINUM_IV,43,18,19341
109,0,99,0,PLATINUM_III,15,14,12261,66,0,67,0,GOLD_I,63,16,15759,234,0,209,0,PLATINUM_III,0,15,13567,179,0,162,0,PLATINUM_III,45,15,13699,189,0,163,0,PLATINUM_III,20,13,10806,74,0,58,0,GOLD_I,100,14,11686,86,0,93,0,PLATINUM_IV,0,14,12061,127,0,104,0,PLATINUM_III,4,14,12387,249,0,250,0,PLATINUM_IV,15,11,8011,99,0,82,0,PLATINUM_IV,58,11,7411
109,0,99,0,PLATINUM_III,15,15,14425,18,0,24,0,GOLD_II,20,15,14664,421,0,442,0,PLATINUM_IV,76,16,15975,80,0,80,0,PLATINUM_III,22,16,15822,90,0,76,0,PLATINUM_IV,0,13,11319,251,0,244,0,PLATINUM_III,12,16,15924,241,0,246,0,PLATINUM_IV,61,16,16350,146,0,157,0,PLATINUM_III,8,18,19304,123,0,99,0,PLATINUM_III,38,14,12096,188,0,177,0,PLATINUM_IV,61,13,11175
223,0,254,0,PLATINUM_IV,14,18,22507,76,0,62,0,PLATINUM_III,34,18,20591,220,0,204,0,PLATINUM_III,29,18,25426,360,0,354,0,PLATINUM_IV,75,18,20675,277,0,255,0,PLATINUM_II,15,16,15668,69,0,49,0,PLATINUM_III,65,18,24313,147,0,168,0,PLATINUM_IV,42,18,23116,136,0,140,0,PLATINUM_III,61,16,15726,96,0,95,0,PLATINUM_IV,45,18,19394,24,0,21,0,PLATINUM_IV,4,16,15688
450,0,416,0,PLATINUM_I,70,13,10974,387,0,374,0,PLATINUM_III,90,15,13527,482,0,476,0,PLATINUM_III,28,13,11350,192,0,188,0,PLATINUM_III,59,13,10493,108,0,117,0,PLATINUM_III,31,12,9636,264,0,250,0,PLATINUM_III,76,14,12060,354,0,354,0,PLATINUM_III,4,15,13111,136,0,140,0,PLATINUM_III,61,13,10605,301,0,296,0,PLATINUM_III,71,12,9146,276,0,269,0,PLATINUM_II,43,11,8531
28,0,31,0,PLATINUM_IV,21,18,21810,170,0,164,0,PLATINUM_II,39,18,20215,118,0,89,0,PLATINUM_II,68,18,20999,140,0,117,0,PLATINUM_II,58,16,15820,128,0,121,0,PLATINUM_II,18,14,12669,21,0,28,0,PLATINUM_II,64,18,20405,44,0,37,0,PLATINUM_III,8,17,16576,136,0,140,0,PLATINUM_III,61,16,15095,48,0,60,0,PLATINUM_IV,59,18,19723,423,0,381,0,PLATINUM_II,30,15,14157
291,0,271,0,PLATINUM_II,71,16,15539,272,0,244,0,PLATINUM_II,47,17,17314,61,0,52,0,PLATINUM_II,6,17,17421,326,0,320,0,PLATINUM_II,80,16,15850,146,0,154,0,PLATINUM_II,15,15,13710,343,0,332,0,PLATINUM_II,40,14,12956,163,0,167,0,PLATINUM_II,72,15,14222,136,0,140,0,PLATINUM_III,61,14,12916,356,0,348,0,PLATINUM_III,91,14,12904,219,0,189,0,PLATINUM_II,28,15,13269
254,0,244,0,PLATINUM_III,16,17,17053,340,0,334,0,PLATINUM_III,61,15,13211,78,0,83,0,PLATINUM_III,37,15,14346,242,0,236,0,PLATINUM_I,1,15,13274,107,0,117,0,PLATINUM_IV,19,13,10160,40,0,44,0,GOLD_I,56,13,11051,194,0,185,0,PLATINUM_III,23,12,9522,409,0,390,0,PLATINUM_II,54,15,14351,260,0,249,0,PLATINUM_IV,16,13,11295,318,0,288,0,PLATINUM_III,32,12,8990
198,0,173,0,PLATINUM_II,9,11,7528,325,0,328,0,PLATINUM_III,0,10,6438,536,0,527,0,PLATINUM_II,73,10,7020,441,0,420,0,PLATINUM_III,19,9,5754,110,0,99,0,PLATINUM_II,40,9,5638,445,0,439,0,PLATINUM_III,59,10,6397,85,0,78,0,PLATINUM_I,83,9,5240,316,0,306,0,PLATINUM_III,57,11,7482,190,0,188,0,PLATINUM_I,0,8,4491,318,0,288,0,PLATINUM_III,32,8,4173
445,0,439,0,PLATINUM_III,59,10,6744,295,0,269,0,PLATINUM_II,79,10,6747,169,0,166,0,PLATINUM_III,19,11,8307,190,0,188,0,PLATINUM_I,0,10,6816,84,0,73,0,PLATINUM_III,0,8,4309,373,0,367,0,PLATINUM_I,2,11,8430,456,0,445,0,PLATINUM_III,8,12,8822,286,0,265,0,PLATINUM_II,3,11,8189,96,0,100,0,PLATINUM_II,6,11,8007,318,0,288,0,PLATINUM_III,32,10,6652
96,0,75,0,PLATINUM_II,38,13,10013,184,0,188,0,PLATINUM_I,54,15,14428,86,0,67,0,PLATINUM_II,0,13,11010,203,0,198,0,PLATINUM_III,90,13,10504,191,0,169,0,PLATINUM_II,86,13,10022,14,0,11,0,PLATINUM_III,96,13,10318,626,0,611,0,PLATINUM_II,57,11,8143,96,0,91,0,PLATINUM_II,26,11,8039,55,0,47,0,PLATINUM_IV,3,11,7901,318,0,288,0,PLATINUM_III,32,11,7638
210,0,194,0,PLATINUM_II,0,15,13790,184,0,188,0,PLATINUM_I,54,15,13947,66,0,52,0,PLATINUM_II,74,16,16115,174,0,173,0,PLATINUM_III,31,16,15293,216,0,207,0,PLATINUM_III,91,13,11419,65,0,59,0,PLATINUM_II,75,15,14014,381,0,394,0,PLATINUM_IV,0,13,11303,164,0,160,0,PLATINUM_III,58,13,10364,255,0,220,0,PLATINUM_II,15,12,9088,318,0,288,0,PLATINUM_III,32,12,8635
173,0,172,0,PLATINUM_IV,33,18,19308,238,0,223,0,PLATINUM_IV,0,18,20085,354,0,353,0,GOLD_I,0,18,23250,52,0,61,0,GOLD_I,0,18,19813,177,0,163,0,PLATINUM_IV,12,18,19589,151,0,133,0,PLATINUM_IV,63,18,29064,24,0,16,0,PLATINUM_III,60,18,29582,132,0,129,0,GOLD_IV,23,18,24518,95,0,97,0,GOLD_III,30,18,22852,62,0,57,0,PLATINUM_I,1,18,25004
32,0,22,0,PLATINUM_II,73,18,20344,113,0,111,0,PLATINUM_I,60,17,17998,23,0,21,0,DIAMOND_IV,0,18,21015,59,0,34,0,DIAMOND_II,0,18,19583,92,0,62,0,DIAMOND_IV,75,17,17137,199,0,193,0,PLATINUM_I,98,18,19898,24,0,16,0,PLATINUM_III,60,17,16914,123,0,96,0,PLATINUM_II,17,18,18400,14,0,7,0,GOLD_I,73,18,18791,73,0,56,0,PLATINUM_I,49,15,14322
252,0,250,0,DIAMOND_IV,1,16,15488,269,0,264,0,DIAMOND_IV,15,13,10870,160,0,174,0,DIAMOND_IV,0,15,14341,177,0,184,0,DIAMOND_IV,5,15,13652,371,0,363,0,PLATINUM_III,60,13,10397,31,0,34,0,PLATINUM_II,75,11,7855,24,0,16,0,PLATINUM_III,60,16,15221,166,0,146,0,PLATINUM_II,61,13,10859,192,0,217,0,PLATINUM_II,73,13,10192,123,0,96,0,PLATINUM_II,17,13,10465
24,0,22,0,PLATINUM_I,44,14,12421,165,0,177,0,PLATINUM_I,75,14,12281,130,0,110,0,PLATINUM_I,38,13,11241,507,0,494,0,PLATINUM_III,76,13,9986,141,0,122,0,PLATINUM_III,28,11,8313,93,0,79,0,PLATINUM_I,61,13,11412,24,0,16,0,PLATINUM_III,60,16,15188,123,0,96,0,PLATINUM_II,17,14,12367,280,0,294,0,PLATINUM_II,36,14,12756,191,0,200,0,PLATINUM_II,44,12,9112
93,0,89,0,DIAMOND_IV,53,16,15706,27,0,16,0,PLATINUM_I,37,15,13680,125,0,91,0,PLATINUM_III,73,15,14507,17,0,13,0,GOLD_I,24,15,13613,52,0,78,0,PLATINUM_II,11,14,12531,259,0,222,0,PLATINUM_I,13,13,10851,24,0,16,0,PLATINUM_III,60,14,12914,123,0,96,0,PLATINUM_II,17,15,13541,115,0,113,0,PLATINUM_II,85,12,9007,35,0,23,0,PLATINUM_II,44,12,9652
25,0,13,0,GOLD_II,0,14,12338,24,0,22,0,GOLD_I,66,14,13006,59,0,50,0,PLATINUM_IV,45,15,13232,59,0,50,0,PLATINUM_IV,45,13,10304,141,0,91,0,PLATINUM_III,0,12,9280,31,0,34,0,PLATINUM_III,14,15,14342,31,0,34,0,PLATINUM_III,14,15,13343,18,0,8,0,PLATINUM_IV,71,15,14220,39,0,60,0,PLATINUM_IV,7,14,12149,415,0,412,0,GOLD_II,23,13,10123
67,0,90,0,PLATINUM_IV,3,17,16692,74,0,65,0,PLATINUM_III,31,15,13130,777,0,775,0,PLATINUM_IV,64,15,14665,564,0,509,0,PLATINUM_III,0,14,12418,141,0,91,0,PLATINUM_III,0,13,11425,209,0,176,0,PLATINUM_III,58,14,12199,85,0,91,0,PLATINUM_IV,55,12,9754,193,0,180,0,PLATINUM_I,20,14,12933,43,0,46,0,PLATINUM_II,30,15,13988,119,0,110,0,PLATINUM_III,40,12,8834
192,0,182,0,PLATINUM_III,28,18,21756,564,0,509,0,PLATINUM_III,0,17,17745,88,0,98,0,PLATINUM_IV,0,17,17712,36,0,37,0,PLATINUM_IV,0,18,21967,141,0,91,0,PLATINUM_III,0,15,13078,267,0,265,0,PLATINUM_III,0,17,17883,162,0,170,0,GOLD_I,0,17,16576,272,0,266,0,GOLD_I,41,18,20500,287,0,270,0,PLATINUM_IV,75,16,15335,223,0,229,0,PLATINUM_IV,43,15,13888
74,0,52,0,PLATINUM_II,0,18,18987,93,0,82,0,PLATINUM_I,66,17,17375,344,0,338,0,GOLD_II,75,18,18642,96,0,85,0,PLATINUM_I,0,18,19837,141,0,91,0,PLATINUM_III,0,15,14698,180,0,162,0,PLATINUM_IV,72,17,17222,149,0,142,0,PLATINUM_III,9,16,14915,170,0,150,0,PLATINUM_II,12,16,14783,267,0,282,0,PLATINUM_II,2,16,15235,135,0,133,0,PLATINUM_IV,93,15,13703
172,0,187,0,PLATINUM_IV,0,15,14195,448,0,417,0,PLATINUM_I,16,14,11747,208,0,223,0,PLATINUM_III,31,16,15432,125,0,99,0,DIAMOND_II,0,14,12931,141,0,91,0,PLATINUM_III,0,13,11259,69,0,85,0,PLATINUM_IV,55,17,17958,342,0,354,0,PLATINUM_IV,47,17,18024,114,0,113,0,PLATINUM_I,71,17,18209,78,0,54,0,PLATINUM_I,39,15,14448,350,0,339,0,DIAMOND_III,49,15,14346
104,0,98,0,PLATINUM_III,47,18,20148,457,0,449,0,PLATINUM_III,61,17,17058,87,0,74,0,PLATINUM_III,55,17,17994,403,0,405,0,PLATINUM_III,79,16,16276,101,0,99,0,PLATINUM_II,55,14,12716,387,0,377,0,PLATINUM_III,75,18,18706,44,0,37,0,PLATINUM_IV,67,15,14163,194,0,204,0,PLATINUM_III,43,17,17724,254,0,235,0,PLATINUM_II,0,15,13787,371,0,363,0,PLATINUM_III,60,12,9382
188,0,200,0,PLATINUM_II,69,17,17280,43,0,34,0,GOLD_I,89,16,14986,45,0,33,0,PLATINUM_III,70,18,19946,172,0,159,0,PLATINUM_II,10,16,15129,326,0,310,0,GOLD_II,60,16,15586,259,0,232,0,PLATINUM_II,63,17,17904,80,0,80,0,PLATINUM_III,22,17,18301,97,0,85,0,PLATINUM_III,55,18,21352,515,0,513,0,GOLD_I,42,15,13799,371,0,363,0,PLATINUM_III,60,14,12932
140,0,157,0,PLATINUM_III,55,17,16878,592,0,585,0,PLATINUM_III,71,16,15575,376,0,364,0,PLATINUM_II,27,16,15538,143,0,131,0,PLATINUM_III,6,15,14681,112,0,90,0,PLATINUM_I,3,13,10540,234,0,214,0,PLATINUM_IV,75,16,15457,125,0,97,0,PLATINUM_IV,33,15,14287,131,0,127,0,PLATINUM_III,37,14,12861,31,0,26,0,PLATINUM_III,39,15,13264,371,0,363,0,PLATINUM_III,60,14,11490
429,0,418,0,PLATINUM_II,15,15,13792,301,0,276,0,PLATINUM_II,42,14,12905,317,0,306,0,PLATINUM_II,5,15,14190,191,0,177,0,PLATINUM_III,48,13,10571,263,0,277,0,PLATINUM_II,95,12,9121,140,0,157,0,PLATINUM_III,55,12,8913,201,0,177,0,PLATINUM_III,45,13,10596,219,0,212,0,PLATINUM_III,72,12,9181,295,0,278,0,PLATINUM_II,34,11,8238,371,0,363,0,PLATINUM_III,60,10,6650
40,0,42,0,PLATINUM_III,20,12,9741,116,0,84,0,PLATINUM_I,1,13,11281,47,0,38,0,PLATINUM_III,61,12,8582,289,0,275,0,PLATINUM_II,14,10,6738,136,0,123,0,PLATINUM_II,65,9,5736,56,0,55,0,PLATINUM_II,19,12,8724,140,0,157,0,PLATINUM_III,55,8,5039,429,0,418,0,PLATINUM_II,15,10,7064,274,0,224,0,PLATINUM_II,5,9,5120,372,0,363,0,PLATINUM_III,75,7,3794
254,0,238,0,PLATINUM_III,5,13,10671,421,0,428,0,PLATINUM_IV,47,13,10015,314,0,288,0,PLATINUM_IV,6,13,10728,167,0,161,0,PLATINUM_IV,35,12,9626,257,0,242,0,PLATINUM_IV,46,11,7917,421,0,405,0,PLATINUM_IV,74,12,9204,90,0,101,0,PLATINUM_IV,41,11,7552,250,0,216,0,PLATINUM_III,9,11,8066,325,0,290,0,PLATINUM_III,39,10,6580,271,0,288,0,PLATINUM_IV,64,10,6474
294,0,284,0,PLATINUM_III,19,16,16184,380,0,386,0,PLATINUM_IV,61,16,16252,318,0,292,0,PLATINUM_III,74,17,16870,133,0,132,0,PLATINUM_II,20,16,15243,59,0,54,0,PLATINUM_I,0,14,12670,214,0,208,0,DIAMOND_IV,3,14,11843,768,0,771,0,PLATINUM_II,48,15,13863,250,0,216,0,PLATINUM_III,9,14,11531,306,0,299,0,GOLD_III,65,13,10061,369,0,382,0,GOLD_III,73,13,10064
387,0,352,0,PLATINUM_IV,13,18,19657,260,0,234,0,PLATINUM_IV,60,18,18968,598,0,558,0,PLATINUM_IV,14,18,19689,75,0,76,0,PLATINUM_III,61,18,21677,261,0,257,0,GOLD_III,35,17,16576,140,0,106,0,PLATINUM_I,15,17,17521,314,0,308,0,GOLD_IV,32,18,19945,184,0,191,0,PLATINUM_IV,0,17,16784,781,0,765,0,PLATINUM_IV,0,18,21261,296,0,281,0,PLATINUM_IV,39,14,12982
398,0,401,0,GOLD_I,3,16,14831,80,0,67,0,PLATINUM_IV,77,15,13408,104,0,112,0,PLATINUM_IV,0,14,12536,75,0,76,0,PLATINUM_III,61,15,13891,261,0,257,0,GOLD_III,35,12,9534,535,0,521,0,GOLD_III,16,16,16085,254,0,236,0,PLATINUM_IV,0,14,12979,38,0,36,0,GOLD_II,72,17,18163,265,0,243,0,PLATINUM_II,21,15,14358,19,0,6,0,GOLD_IV,78,14,12613
69,0,72,0,PLATINUM_III,81,18,19242,447,0,418,0,DIAMOND_I,12,18,18501,258,0,262,0,PLATINUM_IV,35,18,19987,75,0,76,0,PLATINUM_III,61,17,17858,144,0,131,0,PLATINUM_II,72,17,16972,128,0,120,0,DIAMOND_IV,42,18,25513,682,0,654,0,PLATINUM_III,86,18,24155,365,0,386,0,PLATINUM_IV,61,18,25836,440,0,436,0,PLATINUM_III,29,18,25287,183,0,177,0,PLATINUM_III,73,18,25397
14,0,12,0,GOLD_II,75,13,10469,53,0,54,0,PLATINUM_III,12,14,12283,53,0,54,0,PLATINUM_III,12,13,10185,75,0,76,0,PLATINUM_III,61,15,13037,261,0,257,0,GOLD_III,35,11,8507,90,0,61,0,PLATINUM_III,11,12,8676,24,0,16,0,SILVER_I,41,10,6974,43,0,36,0,PLATINUM_IV,67,13,11033,5,0,5,0,SILVER_III,17,10,6930,15,0,8,0,SILVER_I,100,10,6143
540,0,495,0,PLATINUM_II,1,14,11619,434,0,399,0,PLATINUM_III,53,12,8758,44,0,38,0,PLATINUM_III,52,14,12010,75,0,76,0,PLATINUM_III,61,12,9240,160,0,132,0,PLATINUM_III,59,12,9914,60,0,52,0,PLATINUM_II,0,15,14466,813,0,811,0,PLATINUM_III,72,15,14453,67,0,52,0,PLATINUM_III,7,15,13435,84,0,93,0,PLATINUM_IV,0,15,13640,216,0,206,0,PLATINUM_IV,15,14,12663
115,0,99,0,PLATINUM_I,27,13,10299,228,0,233,0,PLATINUM_III,12,12,9543,194,0,179,0,PLATINUM_III,0,11,7755,492,0,484,0,PLATINUM_III,48,11,8329,83,0,109,0,PLATINUM_III,0,10,6845,92,0,94,0,PLATINUM_III,14,13,10582,335,0,320,0,PLATINUM_III,62,13,10537,347,0,324,0,PLATINUM_IV,81,12,9909,415,0,379,0,PLATINUM_II,90,13,11190,204,0,176,0,PLATINUM_III,31,12,9391
44,0,30,0,PLATINUM_IV,1,14,12592,429,0,451,0,PLATINUM_III,6,15,14209,194,0,179,0,PLATINUM_III,0,15,13621,221,0,227,0,PLATINUM_II,39,16,15200,134,0,136,0,PLATINUM_IV,36,14,11952,172,0,167,0,PLATINUM_IV,61,14,11629,52,0,46,0,PLATINUM_IV,65,14,12167,336,0,341,0,PLATINUM_III,73,14,12924,89,0,91,0,PLATINUM_III,66,13,11177,259,0,265,0,PLATINUM_IV,49,13,10056
54,0,52,0,GOLD_I,81,13,10615,10,0,23,0,GOLD_IV,23,12,9866,194,0,179,0,PLATINUM_III,0,9,5656,482,0,476,0,PLATINUM_III,28,12,9866,320,0,333,0,GOLD_III,39,11,7833,199,0,212,0,PLATINUM_IV,22,14,12237,258,0,258,0,PLATINUM_IV,68,15,14102,543,0,503,0,PLATINUM_III,0,14,11924,188,0,202,0,PLATINUM_IV,53,13,10531,239,0,228,0,PLATINUM_IV,9,11,8493
66,0,62,0,GOLD_I,0,14,11464,157,0,166,0,GOLD_III,64,16,14851,194,0,179,0,PLATINUM_III,0,13,10560,10,0,23,0,GOLD_IV,23,13,10478,177,0,153,0,PLATINUM_IV,32,13,11333,52,0,63,0,GOLD_III,64,16,15152,36,0,20,0,PLATINUM_II,67,16,15593,123,0,88,0,PLATINUM_IV,89,15,14392,33,0,41,0,GOLD_II,7,13,11161,126,0,112,0,GOLD_III,75,14,11760
530,0,525,0,PLATINUM_IV,0,17,17264,144,0,159,0,PLATINUM_II,49,16,14807,97,0,85,0,PLATINUM_II,96,17,17160,379,0,361,0,PLATINUM_II,19,16,16065,245,0,239,0,PLATINUM_IV,48,15,13063,261,0,240,0,PLATINUM_III,35,17,16569,228,0,199,0,PLATINUM_II,22,18,21646,92,0,87,0,PLATINUM_III,74,18,20181,156,0,165,0,PLATINUM_III,30,17,18182,84,0,78,0,PLATINUM_I,11,16,16239
193,0,177,0,PLATINUM_IV,44,13,11011,366,0,347,0,DIAMOND_IV,49,13,11362,190,0,144,0,PLATINUM_I,100,16,14843,153,0,153,0,PLATINUM_IV,31,15,14529,332,0,331,0,PLATINUM_II,59,13,10563,117,0,110,0,PLATINUM_III,67,12,9919,306,0,288,0,DIAMOND_I,31,13,10290,92,0,87,0,PLATINUM_III,74,13,10800,501,0,453,0,DIAMOND_IV,0,13,9962,254,0,253,0,PLATINUM_I,20,11,8203
32,0,18,0,PLATINUM_IV,1,18,19793,513,0,459,0,PLATINUM_III,89,16,16263,120,0,134,0,PLATINUM_IV,95,18,18728,285,0,231,0,PLATINUM_III,13,15,14285,293,0,278,0,PLATINUM_III,93,15,14110,151,0,136,0,PLATINUM_III,45,17,16556,217,0,216,0,PLATINUM_IV,82,16,15591,233,0,215,0,PLATINUM_IV,64,16,15922,286,0,272,0,PLATINUM_II,0,15,14274,69,0,54,0,PLATINUM_II,75,14,12253
25,0,14,0,GOLD_I,89,18,20124,29,0,23,0,PLATINUM_II,0,18,21768,59,0,44,0,PLATINUM_I,85,18,22849,27,0,27,0,PLATINUM_IV,44,18,18692,293,0,278,0,PLATINUM_III,93,16,16445,27,0,18,0,PLATINUM_IV,75,18,18502,19,0,12,0,GOLD_IV,80,17,17652,18,0,13,0,GOLD_II,8,18,18940,20,0,7,0,GOLD_II,1,17,17985,46,0,34,0,GOLD_I,41,14,12339
194,0,191,0,PLATINUM_IV,61,18,25912,855,0,868,0,PLATINUM_IV,12,16,15998,230,0,215,0,PLATINUM_I,0,16,15208,45,0,66,0,PLATINUM_IV,63,17,16769,293,0,278,0,PLATINUM_III,93,15,13505,125,0,120,0,PLATINUM_III,32,18,18611,42,0,34,0,GOLD_II,75,17,16864,34,0,23,0,PLATINUM_IV,22,18,18772,112,0,93,0,PLATINUM_III,0,17,16780,323,0,313,0,PLATINUM_III,35,15,13385
420,0,417,0,PLATINUM_III,45,13,10985,208,0,235,0,PLATINUM_IV,0,13,10115,76,0,76,0,PLATINUM_I,29,13,11052,121,0,116,0,PLATINUM_III,65,12,9465,293,0,278,0,PLATINUM_III,93,11,8375,187,0,169,0,PLATINUM_III,67,15,13952,108,0,107,0,PLATINUM_II,18,14,12793,218,0,219,0,PLATINUM_IV,75,14,12911,150,0,133,0,PLATINUM_II,0,14,12051,162,0,146,0,PLATINUM_II,0,13,10470
125,0,116,0,PLATINUM_II,6,18,20476,190,0,204,0,PLATINUM_II,37,18,19201,190,0,194,0,PLATINUM_IV,76,15,14234,91,0,95,0,PLATINUM_IV,25,18,23849,293,0,278,0,PLATINUM_III,93,16,14806,389,0,383,0,PLATINUM_III,9,17,17982,154,0,150,0,PLATINUM_II,2,17,18184,269,0,256,0,PLATINUM_IV,0,17,17546,66,0,72,0,PLATINUM_IV,58,18,19732,111,0,111,0,PLATINUM_IV,26,15,14372
386,0,334,0,PLATINUM_II,1,13,10775,80,0,83,0,PLATINUM_III,53,13,10308,59,0,48,0,PLATINUM_III,34,13,11130,237,0,237,0,PLATINUM_III,17,12,9418,96,0,92,0,PLATINUM_III,31,10,6945,825,0,820,0,PLATINUM_III,57,12,9470,44,0,55,0,PLATINUM_IV,74,10,7097,259,0,245,0,PLATINUM_III,60,11,7746,133,0,118,0,PLATINUM_III,13,10,7134,108,0,87,0,PLATINUM_II,6,9,6071
363,0,363,0,PLATINUM_III,16,12,8711,60,0,43,0,PLATINUM_I,8,10,7097,59,0,48,0,PLATINUM_III,34,11,7344,178,0,159,0,PLATINUM_III,37,9,5905,354,0,344,0,PLATINUM_III,44,9,5782,96,0,82,0,PLATINUM_III,73,13,10090,190,0,204,0,PLATINUM_II,37,12,9448,185,0,157,0,PLATINUM_III,46,11,8150,96,0,82,0,PLATINUM_II,28,12,9627,187,0,140,0,PLATINUM_III,41,10,6918
110,0,95,0,PLATINUM_II,47,18,19119,135,0,123,0,PLATINUM_III,6,18,23787,59,0,48,0,PLATINUM_III,34,18,21121,384,0,379,0,PLATINUM_IV,0,18,18447,212,0,221,0,PLATINUM_II,36,16,16438,190,0,166,0,PLATINUM_II,57,17,17205,119,0,103,0,PLATINUM_III,75,17,18233,485,0,471,0,PLATINUM_III,59,16,15526,181,0,181,0,PLATINUM_III,0,17,18333,68,0,70,0,PLATINUM_IV,45,15,13954
83,0,57,0,PLATINUM_I,66,13,11274,146,0,157,0,PLATINUM_III,8,12,8926,174,0,187,0,PLATINUM_III,46,12,9637,461,0,476,0,GOLD_III,44,11,8317,152,0,124,0,PLATINUM_IV,0,10,7173,77,0,78,0,PLATINUM_III,14,13,10332,230,0,211,0,PLATINUM_IV,2,14,11712,160,0,143,0,PLATINUM_III,14,14,12734,226,0,212,0,PLATINUM_III,65,13,11354,130,0,121,0,PLATINUM_III,0,11,8480
35,0,38,0,GOLD_II,25,18,19612,174,0,156,0,GOLD_I,78,16,16419,10,0,12,0,SILVER_II,82,18,21189,67,0,82,0,GOLD_II,9,18,18838,28,0,33,0,GOLD_IV,77,16,15000,44,0,33,0,GOLD_IV,75,18,18845,192,0,212,0,GOLD_IV,42,18,20267,44,0,34,0,GOLD_I,100,17,16897,248,0,245,0,GOLD_II,50,17,17034,130,0,121,0,PLATINUM_III,0,18,28202
216,0,207,0,PLATINUM_III,0,15,13604,151,0,143,0,PLATINUM_IV,75,15,13639,82,0,65,0,PLATINUM_I,39,18,18550,145,0,133,0,PLATINUM_III,48,17,16713,248,0,258,0,GOLD_II,52,13,10330,152,0,129,0,PLATINUM_II,39,13,11386,76,0,59,0,PLATINUM_IV,64,14,12166,145,0,148,0,PLATINUM_IV,13,14,12105,222,0,207,0,PLATINUM_III,66,15,14203,130,0,121,0,PLATINUM_III,0,14,12065
145,0,99,0,PLATINUM_IV,75,14,12668,35,0,29,0,GOLD_II,56,13,10028,616,0,605,0,GOLD_II,21,14,12041,367,0,317,0,PLATINUM_III,2,11,8541,51,0,31,0,GOLD_I,54,12,9089,122,0,124,0,GOLD_I,58,15,13532,243,0,236,0,GOLD_I,62,15,14640,234,0,242,0,PLATINUM_IV,84,14,12389,274,0,259,0,PLATINUM_III,13,13,11071,130,0,121,0,PLATINUM_III,0,15,14163
336,0,329,0,PLATINUM_II,12,11,7823,108,0,113,0,PLATINUM_III,0,9,5628,241,0,232,0,PLATINUM_IV,29,10,6444,531,0,549,0,PLATINUM_IV,40,8,4985,145,0,142,0,PLATINUM_IV,0,8,4781,102,0,95,0,PLATINUM_III,0,12,8992,14,0,11,0,GOLD_I,79,12,9499,131,0,114,0,PLATINUM_IV,0,10,6915,287,0,298,0,PLATINUM_IV,61,10,6162,130,0,121,0,PLATINUM_III,0,12,8898
541,0,545,0,PLATINUM_III,75,14,12358,315,0,296,0,PLATINUM_II,14,14,12278,41,0,60,0,PLATINUM_III,64,13,10263,239,0,238,0,PLATINUM_II,27,14,11949,84,0,79,0,PLATINUM_III,60,12,8951,77,0,67,0,PLATINUM_III,16,15,13266,44,0,58,0,PLATINUM_II,11,11,7674,194,0,214,0,PLATINUM_III,20,12,8804,424,0,415,0,PLATINUM_III,93,11,8566,451,0,423,0,DIAMOND_IV,14,10,6787
316,0,334,0,PLATINUM_I,15,13,10607,205,0,119,0,PLATINUM_II,22,14,11542,392,0,426,0,PLATINUM_III,1,13,11217,219,0,199,0,PLATINUM_II,28,12,9665,418,0,386,0,DIAMOND_IV,59,10,7084,423,0,396,0,PLATINUM_II,50,12,8876,44,0,58,0,PLATINUM_II,11,10,6799,194,0,214,0,PLATINUM_III,20,10,6847,139,0,168,0,PLATINUM_II,81,10,6816,459,0,438,0,PLATINUM_II,0,10,6342
57,0,57,0,PLATINUM_II,9,15,13747,227,0,175,0,DIAMOND_IV,34,16,16128,147,0,140,0,PLATINUM_II,74,14,12811,176,0,192,0,PLATINUM_II,39,14,11500,333,0,306,0,PLATINUM_II,2,13,10306,236,0,240,0,PLATINUM_II,12,13,11393,139,0,168,0,PLATINUM_II,81,13,10290,194,0,214,0,PLATINUM_III,20,13,10076,44,0,58,0,PLATINUM_II,11,13,10185,459,0,438,0,PLATINUM_II,0,11,7771
310,0,271,0,PLATINUM_II,38,16,14740,135,0,126,0,PLATINUM_IV,50,13,11336,317,0,306,0,PLATINUM_III,72,14,12690,556,0,564,0,PLATINUM_III,6,13,10844,67,0,74,0,PLATINUM_III,67,12,9091,550,0,518,0,PLATINUM_II,60,15,13973,180,0,162,0,PLATINUM_III,20,15,13896,194,0,214,0,PLATINUM_III,20,15,14273,44,0,58,0,PLATINUM_II,11,15,13706,183,0,171,0,PLATINUM_II,95,13,10259
231,0,219,0,PLATINUM_II,0,12,8605,363,0,382,0,PLATINUM_III,0,11,8560,128,0,126,0,PLATINUM_I,75,11,7452,500,0,497,0,PLATINUM_II,69,8,4810,316,0,312,0,PLATINUM_III,60,9,5543,388,0,372,0,PLATINUM_I,17,9,5860,227,0,225,0,PLATINUM_II,57,10,6472,194,0,214,0,PLATINUM_III,20,8,4909,44,0,58,0,PLATINUM_II,11,9,5679,69,0,50,0,PLATINUM_II,30,8,4150
38,0,29,0,GOLD_I,100,16,16444,281,0,274,0,PLATINUM_III,51,16,15710,71,0,54,0,PLATINUM_IV,0,8,4488,18,0,22,0,GOLD_I,81,14,12035,313,0,280,0,PLATINUM_III,69,12,9156,35,0,24,0,PLATINUM_IV,1,14,12161,229,0,209,0,PLATINUM_III,15,16,16019,423,0,437,0,PLATINUM_III,26,16,15661,39,0,28,0,GOLD_I,100,15,13968,7,0,12,0,PLATINUM_IV,23,14,12233
52,0,35,0,PLATINUM_IV,18,16,15144,35,0,32,0,PLATINUM_IV,0,15,14412,493,0,467,0,PLATINUM_IV,58,16,15597,360,0,340,0,PLATINUM_IV,32,14,12907,131,0,133,0,PLATINUM_III,16,13,10638,75,0,61,0,GOLD_I,61,18,22430,241,0,254,0,PLATINUM_III,31,16,16083,423,0,437,0,PLATINUM_III,26,18,18476,311,0,298,0,PLATINUM_III,55,16,15136,169,0,129,0,PLATINUM_II,6,14,12545
242,0,211,0,PLATINUM_III,3,15,13756,245,0,267,0,PLATINUM_III,1,14,11592,161,0,171,0,PLATINUM_IV,15,14,12981,571,0,552,0,PLATINUM_III,60,14,11814,122,0,121,0,PLATINUM_IV,0,13,10757,268,0,244,0,DIAMOND_IV,1,17,17701,107,0,106,0,PLATINUM_IV,44,16,15370,423,0,437,0,PLATINUM_III,26,16,15043,398,0,391,0,PLATINUM_IV,13,15,14253,186,0,158,0,PLATINUM_I,15,14,12481
109,0,96,0,PLATINUM_II,39,17,17192,43,0,39,0,GOLD_I,35,15,14662,198,0,173,0,PLATINUM_IV,28,16,16375,219,0,217,0,PLATINUM_IV,28,14,12409,778,0,757,0,PLATINUM_III,15,13,10247,418,0,420,0,PLATINUM_IV,46,16,15997,185,0,165,0,GOLD_II,75,17,16883,423,0,437,0,PLATINUM_III,26,17,17328,46,0,41,0,PLATINUM_IV,17,17,17130,119,0,95,0,PLATINUM_IV,15,15,13517
224,0,220,0,PLATINUM_III,2,18,21265,168,0,161,0,PLATINUM_III,89,18,18983,81,0,69,0,PLATINUM_IV,35,18,18797,55,0,53,0,PLATINUM_III,75,16,16086,178,0,192,0,GOLD_I,0,15,14587,31,0,29,0,PLATINUM_IV,0,15,14166,212,0,207,0,PLATINUM_III,25,17,16870,423,0,437,0,PLATINUM_III,26,17,16600,94,0,96,0,PLATINUM_IV,14,15,13350,50,0,36,0,GOLD_I,1,15,13095
9,0,7,0,PLATINUM_III,98,18,18428,66,0,47,0,PLATINUM_I,39,16,16051,8,0,6,0,PLATINUM_III,28,15,14232,8,0,6,0,PLATINUM_III,28,14,12605,139,0,119,0,DIAMOND_IV,45,13,10115,22,0,28,0,PLATINUM_II,61,18,20847,48,0,30,0,DIAMOND_IV,50,17,17322,77,0,69,0,DIAMOND_IV,28,17,16549,10,0,9,0,PLATINUM_II,13,16,15897,45,0,44,0,PLATINUM_II,0,15,13077
96,0,77,0,DIAMOND_III,0,13,11359,66,0,47,0,PLATINUM_I,39,14,11506,8,0,6,0,PLATINUM_III,28,14,11898,41,0,39,0,PLATINUM_I,22,13,10024,198,0,200,0,DIAMOND_IV,69,11,7772,171,0,133,0,DIAMOND_IV,16,16,15509,40,0,33,0,PLATINUM_I,56,14,12450,92,0,95,0,PLATINUM_I,69,14,12946,108,0,93,0,DIAMOND_IV,17,14,11654,30,0,45,0,PLATINUM_III,70,12,9245
79,0,64,0,DIAMOND_III,18,13,10277,66,0,47,0,PLATINUM_I,39,14,11527,8,0,6,0,PLATINUM_III,28,15,13333,185,0,175,0,DIAMOND_IV,30,16,14973,43,0,50,0,PLATINUM_I,41,13,10846,87,0,64,0,DIAMOND_III,26,15,14570,100,0,114,0,DIAMOND_III,69,17,17053,69,0,69,0,PLATINUM_I,24,16,14876,62,0,49,0,PLATINUM_I,96,16,16147,120,0,109,0,DIAMOND_IV,0,13,10864
128,0,105,0,DIAMOND_II,32,14,12208,156,0,117,0,MASTER_I,268,14,11482,8,0,6,0,PLATINUM_III,28,15,13135,62,0,60,0,DIAMOND_IV,0,13,11417,32,0,32,0,PLATINUM_I,0,12,8989,18,0,12,0,PLATINUM_II,30,17,17125,107,0,98,0,DIAMOND_III,85,15,13751,38,0,27,0,PLATINUM_I,40,14,12954,50,0,39,0,PLATINUM_I,62,14,12936,96,0,87,0,DIAMOND_II,0,14,11479
323,0,302,0,DIAMOND_II,52,18,21020,276,0,258,0,DIAMOND_III,56,17,17602,8,0,6,0,PLATINUM_III,28,18,20595,17,0,24,0,PLATINUM_II,23,15,13989,49,0,35,0,PLATINUM_I,51,15,13349,66,0,69,0,PLATINUM_I,13,15,14653,350,0,330,0,DIAMOND_II,68,15,13933,13,0,14,0,PLATINUM_II,41,15,13769,44,0,49,0,PLATINUM_I,13,14,12943,97,0,97,0,PLATINUM_III,16,14,12255
91,0,57,0,DIAMOND_III,65,11,7838,50,0,63,0,PLATINUM_III,26,10,7259,68,0,123,0,GOLD_IV,75,13,10970,93,0,103,0,PLATINUM_IV,81,10,6305,603,0,553,0,DIAMOND_I,32,9,5061,21,0,16,0,PLATINUM_III,45,10,7282,114,0,128,0,PLATINUM_II,75,8,4754,540,0,546,0,PLATINUM_III,45,10,7125,110,0,112,0,PLATINUM_I,41,8,4616,18,0,16,0,GOLD_I,82,8,4233
50,0,40,0,PLATINUM_III,27,18,19562,187,0,205,0,PLATINUM_III,78,18,21305,28,0,24,0,PLATINUM_I,53,18,22887,150,0,155,0,PLATINUM_IV,18,18,22384,396,0,334,0,DIAMOND_IV,31,18,20400,21,0,16,0,PLATINUM_III,45,18,18513,81,0,95,0,PLATINUM_II,0,18,18774,170,0,153,0,DIAMOND_III,4,16,16138,75,0,84,0,PLATINUM_I,75,17,18155,18,0,16,0,GOLD_I,82,16,15040
284,0,273,0,DIAMOND_II,21,17,16665,152,0,190,0,PLATINUM_IV,50,14,12912,89,0,96,0,PLATINUM_III,8,16,14734,153,0,162,0,PLATINUM_III,75,16,15024,12,0,9,0,PLATINUM_I,0,14,12641,21,0,16,0,PLATINUM_III,45,16,16025,108,0,95,0,PLATINUM_II,34,16,15373,478,0,471,0,DIAMOND_II,0,17,17621,419,0,412,0,PLATINUM_I,94,16,16367,18,0,16,0,GOLD_I,82,15,13354
78,0,62,0,PLATINUM_I,45,17,17844,126,0,100,0,DIAMOND_II,75,16,16475,63,0,71,0,PLATINUM_I,16,18,18822,149,0,139,0,DIAMOND_III,19,16,15841,450,0,424,0,DIAMOND_I,55,15,13111,21,0,16,0,PLATINUM_III,45,17,17900,139,0,165,0,PLATINUM_III,49,14,12464,46,0,59,0,PLATINUM_II,36,16,16468,18,0,16,0,GOLD_I,82,14,11829,78,0,72,0,DIAMOND_III,0,14,11776
85,0,61,0,DIAMOND_I,0,17,17666,367,0,303,0,DIAMOND_I,0,17,16962,243,0,238,0,PLATINUM_II,71,16,16467,52,0,35,0,DIAMOND_II,51,15,13294,5,0,5,0,PLATINUM_III,8,13,11287,21,0,16,0,PLATINUM_III,45,15,13791,162,0,159,0,PLATINUM_I,75,15,13443,85,0,77,0,PLATINUM_I,59,15,13451,50,0,72,0,PLATINUM_III,80,13,10862,17,0,15,0,PLATINUM_IV,47,13,11201
84,0,102,0,PLATINUM_II,0,15,13353,79,0,77,0,PLATINUM_II,30,15,13053,266,0,270,0,PLATINUM_III,68,17,17028,163,0,172,0,PLATINUM_III,75,14,12505,376,0,354,0,PLATINUM_II,28,13,10270,129,0,118,0,PLATINUM_III,75,14,11832,410,0,431,0,PLATINUM_II,29,14,11970,204,0,185,0,PLATINUM_III,71,13,11214,242,0,236,0,PLATINUM_I,1,13,10496,156,0,144,0,PLATINUM_III,0,11,7701
255,0,321,0,GOLD_I,37,15,13429,160,0,151,0,GOLD_I,56,16,15270,362,0,355,0,GOLD_III,25,15,13923,222,0,233,0,PLATINUM_IV,82,14,12305,201,0,198,0,PLATINUM_IV,51,13,10001,110,0,98,0,GOLD_II,21,14,11940,91,0,86,0,GOLD_I,67,13,10425,62,0,82,0,PLATINUM_IV,0,13,10706,232,0,231,0,GOLD_II,98,13,11079,65,0,55,0,PLATINUM_III,10,11,7585
335,0,341,0,GOLD_IV,1,12,9818,292,0,298,0,GOLD_III,0,11,7506,112,0,105,0,PLATINUM_IV,91,13,10592,156,0,156,0,GOLD_III,75,9,6040,33,0,26,0,PLATINUM_IV,19,9,5117,110,0,98,0,GOLD_II,21,13,10806,209,0,193,0,PLATINUM_IV,67,14,12108,599,0,596,0,GOLD_II,65,12,9071,472,0,482,0,PLATINUM_IV,0,12,9485,65,0,55,0,PLATINUM_III,10,11,7461
94,0,101,0,PLATINUM_IV,81,17,16905,19,0,27,0,GOLD_II,24,15,13039,229,0,229,0,PLATINUM_IV,0,18,19688,236,0,231,0,PLATINUM_III,73,15,14696,334,0,328,0,GOLD_I,57,14,11623,45,0,43,0,GOLD_II,76,15,13262,268,0,257,0,GOLD_IV,92,15,13689,46,0,61,0,GOLD_III,35,16,14824,110,0,98,0,GOLD_II,21,14,12032,65,0,55,0,PLATINUM_III,10,12,9545
137,0,144,0,GOLD_II,0,15,13794,17,0,21,0,GOLD_IV,57,16,14788,43,0,38,0,PLATINUM_IV,0,18,18464,9,0,13,0,GOLD_I,82,16,15540,30,0,28,0,SILVER_IV,0,18,20228,58,0,63,0,PLATINUM_IV,1,16,15060,230,0,187,0,GOLD_III,60,16,15752,120,0,101,0,GOLD_III,55,16,14997,120,0,111,0,PLATINUM_III,8,15,14310,125,0,131,0,GOLD_IV,0,14,11975
61,0,54,0,PLATINUM_III,0,14,12582,19,0,26,0,SILVER_II,75,12,9454,166,0,146,0,SILVER_I,44,14,11811,52,0,45,0,GOLD_II,37,12,9507,99,0,97,0,GOLD_III,55,11,8085,4,0,11,0,SILVER_II,47,15,13418,234,0,220,0,GOLD_IV,20,14,12795,31,0,37,0,SILVER_IV,95,13,11303,34,0,43,0,PLATINUM_II,0,14,12553,20,0,16,0,SILVER_II,32,13,11087
61,0,54,0,PLATINUM_III,0,15,14317,153,0,167,0,GOLD_III,75,11,8571,166,0,146,0,SILVER_I,44,15,13251,84,0,90,0,SILVER_IV,18,12,8963,156,0,161,0,SILVER_III,48,10,6354,86,0,74,0,SILVER_III,74,13,10325,86,0,74,0,SILVER_III,74,11,8270,86,0,74,0,SILVER_III,74,14,11657,36,0,29,0,SILVER_II,69,12,8642,36,0,29,0,SILVER_II,69,11,7469
61,0,54,0,PLATINUM_III,0,15,13043,166,0,146,0,SILVER_I,44,14,11918,166,0,146,0,SILVER_I,44,12,9062,122,0,115,0,SILVER_III,41,12,9619,48,0,44,0,GOLD_IV,64,11,7896,10,0,12,0,SILVER_II,75,14,12783,23,0,24,0,SILVER_I,61,15,13426,35,0,26,0,PLATINUM_IV,0,16,14987,196,0,181,0,PLATINUM_III,45,14,12634,52,0,36,0,GOLD_III,35,14,11497
61,0,54,0,PLATINUM_III,0,16,14748,29,0,24,0,SILVER_I,41,14,12032,166,0,146,0,SILVER_I,44,16,14853,42,0,39,0,GOLD_IV,0,14,12585,64,0,65,0,GOLD_IV,17,12,9891,511,0,447,0,GOLD_III,45,13,11254,77,0,120,0,IRON_IV,61,13,9967,161,0,161,0,SILVER_III,40,14,12441,186,0,151,0,GOLD_IV,93,13,10683,318,0,301,0,SILVER_I,28,10,6687
61,0,54,0,PLATINUM_III,0,17,17252,61,0,54,0,PLATINUM_III,0,14,11490,166,0,146,0,SILVER_I,44,15,14665,50,0,51,0,SILVER_III,83,13,10318,73,0,67,0,SILVER_I,43,12,9149,14,0,10,0,SILVER_I,47,14,12401,102,0,101,0,GOLD_IV,75,14,12787,48,0,51,0,GOLD_IV,21,15,13666,129,0,111,0,SILVER_IV,28,13,9987,169,0,167,0,SILVER_III,26,13,9966
224,0,220,0,PLATINUM_III,2,17,17860,244,0,186,0,PLATINUM_III,62,16,15009,655,0,668,0,PLATINUM_I,36,16,15031,13,0,16,0,PLATINUM_III,48,15,14559,402,0,370,0,PLATINUM_III,31,16,15820,65,0,53,0,PLATINUM_II,45,16,14941,65,0,53,0,PLATINUM_II,45,15,14404,103,0,99,0,PLATINUM_III,60,16,15705,391,0,372,0,PLATINUM_II,59,15,13610,211,0,168,0,DIAMOND_III,4,14,12948
144,0,95,0,PLATINUM_II,74,13,10114,554,0,529,0,PLATINUM_II,0,11,7452,87,0,102,0,PLATINUM_IV,34,13,10108,13,0,16,0,PLATINUM_III,48,11,8527,106,0,90,0,PLATINUM_I,12,10,6952,270,0,259,0,PLATINUM_II,13,14,12085,512,0,529,0,PLATINUM_III,79,12,9565,835,0,832,0,PLATINUM_III,62,14,11751,391,0,372,0,PLATINUM_II,59,14,12079,267,0,225,0,PLATINUM_II,73,12,9145
224,0,254,0,PLATINUM_I,75,13,10335,140,0,117,0,PLATINUM_II,42,12,9303,202,0,181,0,PLATINUM_II,0,13,11038,13,0,16,0,PLATINUM_III,48,12,8860,157,0,156,0,DIAMOND_III,67,12,8932,30,0,29,0,PLATINUM_I,100,14,12923,241,0,232,0,PLATINUM_III,4,15,13258,129,0,105,0,PLATINUM_I,17,15,13369,243,0,236,0,DIAMOND_III,16,15,13213,188,0,143,0,PLATINUM_I,56,13,10870
62,0,47,0,PLATINUM_I,0,18,20482,70,0,64,0,PLATINUM_III,0,17,18097,95,0,96,0,PLATINUM_II,70,16,16304,13,0,16,0,PLATINUM_III,48,18,18720,46,0,37,0,PLATINUM_III,47,17,16764,31,0,39,0,PLATINUM_II,57,17,16998,141,0,159,0,PLATINUM_III,52,16,16043,48,0,33,0,PLATINUM_III,93,16,15205,68,0,70,0,PLATINUM_II,78,17,16897,67,0,59,0,PLATINUM_IV,26,15,13166
81,0,72,0,PLATINUM_I,5,14,12972,26,0,12,0,GOLD_I,58,11,7954,8,0,4,0,GOLD_I,24,14,12117,13,0,16,0,PLATINUM_III,48,11,8166,45,0,28,0,PLATINUM_I,46,12,8660,39,0,32,0,PLATINUM_I,0,14,12943,54,0,35,0,DIAMOND_IV,75,15,13035,59,0,52,0,PLATINUM_III,45,14,12301,28,0,22,0,GOLD_I,30,15,13969,12,0,16,0,PLATINUM_IV,75,13,10336
30,0,39,0,DIAMOND_II,6,13,10436,80,0,85,0,PLATINUM_I,75,12,8667,69,0,69,0,MASTER_I,0,12,9084,32,0,28,0,PLATINUM_I,75,10,7118,67,0,63,0,DIAMOND_IV,30,10,7249,5,0,5,0,PLATINUM_III,27,11,7307,53,0,58,0,DIAMOND_II,0,11,7375,374,0,381,0,DIAMOND_II,38,11,8222,45,0,46,0,DIAMOND_II,36,9,5583,60,0,53,0,DIAMOND_III,76,8,4407
52,0,60,0,PLATINUM_I,81,15,13791,41,0,28,0,DIAMOND_II,75,15,14054,78,0,64,0,DIAMOND_I,100,15,13669,69,0,50,0,DIAMOND_I,47,13,11363,82,0,70,0,DIAMOND_II,33,12,9430,5,0,5,0,PLATINUM_III,27,13,11297,198,0,207,0,DIAMOND_III,2,10,7223,61,0,67,0,PLATINUM_II,38,13,10760,57,0,46,0,DIAMOND_I,75,13,11297,117,0,116,0,DIAMOND_I,60,10,6530
83,0,87,0,MASTER_I,103,14,12609,118,0,123,0,PLATINUM_I,68,12,8968,74,0,55,0,PLATINUM_I,75,11,8178,349,0,340,0,MASTER_I,1,11,7535,65,0,61,0,PLATINUM_I,68,10,7136,5,0,5,0,PLATINUM_III,27,12,8759,29,0,24,0,DIAMOND_II,60,10,6993,25,0,27,0,PLATINUM_I,100,13,10202,538,0,524,0,DIAMOND_I,18,10,7196,73,0,94,0,PLATINUM_I,48,10,6776
19,0,6,0,PLATINUM_II,0,13,9979,602,0,566,0,DIAMOND_I,31,13,10989,9,0,4,0,PLATINUM_I,51,13,10379,127,0,119,0,PLATINUM_I,75,11,8274,131,0,99,0,DIAMOND_III,20,10,7097,5,0,5,0,PLATINUM_III,27,14,12257,339,0,319,0,DIAMOND_II,31,15,14602,28,0,19,0,PLATINUM_I,75,15,13932,159,0,180,0,DIAMOND_IV,31,14,11943,22,0,8,0,PLATINUM_I,75,13,10146
251,0,240,0,DIAMOND_II,75,18,19622,55,0,82,0,DIAMOND_IV,99,18,21502,223,0,240,0,DIAMOND_III,60,18,20310,698,0,682,0,DIAMOND_IV,36,18,19399,132,0,127,0,DIAMOND_II,75,16,16434,5,0,5,0,PLATINUM_III,27,18,23136,241,0,223,0,DIAMOND_I,93,17,17947,214,0,185,0,MASTER_I,1,17,17214,116,0,111,0,PLATINUM_I,75,18,19140,160,0,177,0,DIAMOND_III,22,14,12502
303,0,302,0,PLATINUM_III,43,18,20832,15,0,11,0,GOLD_I,63,15,14501,236,0,249,0,PLATINUM_I,28,18,20533,300,0,292,0,PLATINUM_IV,0,17,16515,285,0,253,0,PLATINUM_IV,92,15,13410,34,0,22,0,PLATINUM_III,70,18,19137,55,0,70,0,GOLD_I,75,16,16457,49,0,57,0,PLATINUM_IV,92,18,20530,4,0,6,0,GOLD_II,78,18,18718,52,0,78,0,PLATINUM_IV,38,16,15708
424,0,438,0,PLATINUM_II,32,18,19053,162,0,127,0,PLATINUM_I,0,18,21230,360,0,349,0,PLATINUM_II,87,18,21106,296,0,259,0,DIAMOND_IV,1,17,16647,246,0,248,0,PLATINUM_III,68,16,15193,34,0,22,0,PLATINUM_III,70,17,17659,133,0,138,0,PLATINUM_II,24,16,14741,220,0,209,0,PLATINUM_III,16,16,16364,129,0,117,0,PLATINUM_II,28,16,14753,212,0,199,0,PLATINUM_II,79,13,10984
70,0,86,0,PLATINUM_III,75,15,14573,1189,0,1171,0,DIAMOND_IV,27,15,13406,220,0,209,0,PLATINUM_III,16,14,12500,223,0,203,0,PLATINUM_III,27,14,12167,158,0,144,0,DIAMOND_IV,25,13,10492,34,0,22,0,PLATINUM_III,70,12,9933,360,0,349,0,PLATINUM_II,87,12,9229,207,0,202,0,PLATINUM_II,63,13,10005,236,0,217,0,PLATINUM_I,7,11,7963,374,0,384,0,DIAMOND_IV,20,12,8933
453,0,438,0,PLATINUM_III,29,14,12493,193,0,156,0,PLATINUM_II,45,14,12975,172,0,168,0,DIAMOND_III,0,14,12612,453,0,415,0,DIAMOND_I,1,14,12088,149,0,159,0,PLATINUM_III,60,13,10039,34,0,22,0,PLATINUM_III,70,16,14852,221,0,214,0,PLATINUM_I,14,15,13295,425,0,393,0,PLATINUM_I,62,15,13632,208,0,200,0,PLATINUM_II,57,13,11130,674,0,670,0,DIAMOND_II,0,12,9318
280,0,263,0,PLATINUM_IV,58,13,10813,94,0,101,0,PLATINUM_III,33,12,9916,16,0,10,0,GOLD_I,74,13,10100,299,0,286,0,PLATINUM_IV,49,12,9062,261,0,249,0,PLATINUM_III,13,11,7391,112,0,105,0,PLATINUM_III,7,12,9508,29,0,22,0,GOLD_I,72,11,7308,327,0,295,0,PLATINUM_III,1,12,9419,339,0,340,0,PLATINUM_III,44,10,6137,134,0,121,0,PLATINUM_III,2,8,4681
53,0,49,0,PLATINUM_III,58,18,21057,99,0,86,0,PLATINUM_III,22,18,25670,58,0,60,0,PLATINUM_II,38,18,20130,31,0,28,0,PLATINUM_III,14,18,22069,25,0,22,0,PLATINUM_III,23,16,15204,23,0,20,0,PLATINUM_II,55,18,26584,209,0,212,0,PLATINUM_IV,61,17,16508,53,0,50,0,PLATINUM_III,49,17,17945,62,0,70,0,PLATINUM_III,62,18,20034,44,0,47,0,PLATINUM_II,1,14,12707
53,0,49,0,PLATINUM_III,58,15,13107,604,0,577,0,PLATINUM_II,59,13,10642,117,0,125,0,PLATINUM_III,45,15,13389,177,0,171,0,PLATINUM_I,69,13,10461,278,0,267,0,PLATINUM_III,36,13,9974,369,0,318,0,DIAMOND_IV,0,15,14505,99,0,86,0,PLATINUM_III,22,15,14608,58,0,60,0,PLATINUM_II,38,14,12581,366,0,332,0,PLATINUM_I,0,14,12646,93,0,91,0,PLATINUM_II,0,14,12200
53,0,49,0,PLATINUM_III,58,16,15374,476,0,457,0,PLATINUM_IV,61,16,14937,52,0,50,0,PLATINUM_III,0,16,15641,317,0,310,0,PLATINUM_III,19,13,11244,160,0,138,0,PLATINUM_II,18,13,11281,333,0,306,0,PLATINUM_II,2,16,15226,99,0,86,0,PLATINUM_III,22,15,13739,494,0,475,0,PLATINUM_IV,47,13,11110,58,0,60,0,PLATINUM_II,38,13,10479,285,0,278,0,PLATINUM_III,77,12,9368
53,0,49,0,PLATINUM_III,58,15,13110,179,0,169,0,PLATINUM_I,14,16,14982,641,0,629,0,DIAMOND_III,37,14,12173,381,0,365,0,DIAMOND_III,0,14,12376,220,0,207,0,DIAMOND_IV,0,12,9685,414,0,413,0,PLATINUM_IV,0,14,12585,192,0,199,0,PLATINUM_IV,75,13,11322,182,0,172,0,PLATINUM_IV,26,12,9750,645,0,616,0,PLATINUM_II,70,13,10006,687,0,656,0,DIAMOND_IV,75,11,8022
53,0,49,0,PLATINUM_III,58,16,16455,701,0,684,0,PLATINUM_III,84,15,14637,86,0,101,0,PLATINUM_III,34,15,14301,37,0,31,0,GOLD_II,41,14,12881,141,0,128,0,PLATINUM_I,78,12,8760,77,0,84,0,PLATINUM_III,92,14,11743,169,0,141,0,PLATINUM_I,62,13,11175,239,0,216,0,DIAMOND_IV,37,13,11227,270,0,281,0,PLATINUM_II,32,12,9121,85,0,80,0,PLATINUM_IV,25,12,9100
159,0,137,0,GOLD_II,45,16,15417,184,0,186,0,PLATINUM_IV,61,15,14024,35,0,33,0,PLATINUM_IV,58,15,14362,112,0,108,0,PLATINUM_IV,0,16,15555,104,0,88,0,SILVER_IV,85,14,11623,275,0,262,0,GOLD_IV,0,18,21241,60,0,45,0,GOLD_II,39,15,13341,89,0,107,0,DIAMOND_IV,76,18,20980,164,0,122,0,PLATINUM_III,1,16,15941,394,0,353,0,DIAMOND_III,28,18,24207
95,0,95,0,PLATINUM_IV,71,14,12320,95,0,95,0,PLATINUM_IV,71,14,11809,149,0,131,0,PLATINUM_IV,75,14,12093,346,0,345,0,PLATINUM_IV,61,12,9786,86,0,71,0,GOLD_I,69,10,7114,275,0,262,0,GOLD_IV,0,13,10414,60,0,45,0,GOLD_II,39,11,7553,89,0,107,0,DIAMOND_IV,76,12,9643,164,0,122,0,PLATINUM_III,1,10,6440,394,0,353,0,DIAMOND_III,28,12,9235
164,0,122,0,PLATINUM_III,1,18,18762,43,0,37,0,PLATINUM_IV,46,16,15495,43,0,37,0,PLATINUM_IV,46,17,17071,75,0,69,0,GOLD_I,12,17,17520,59,0,70,0,SILVER_II,41,15,13951,275,0,262,0,GOLD_IV,0,18,19518,60,0,45,0,GOLD_II,39,18,18567,89,0,107,0,DIAMOND_IV,76,18,22901,164,0,122,0,PLATINUM_III,1,15,13666,394,0,353,0,DIAMOND_III,28,18,18554
97,0,87,0,DIAMOND_IV,0,14,12240,58,0,56,0,PLATINUM_III,72,12,9207,316,0,312,0,PLATINUM_III,90,13,10699,240,0,275,0,PLATINUM_I,0,11,7621,237,0,240,0,PLATINUM_II,15,10,6602,428,0,413,0,PLATINUM_III,79,15,13602,590,0,581,0,PLATINUM_I,51,14,11902,104,0,74,0,DIAMOND_III,19,15,13749,99,0,87,0,PLATINUM_II,48,12,9767,24,0,27,0,PLATINUM_III,63,11,8297
48,0,38,0,PLATINUM_III,14,10,7188,129,0,120,0,PLATINUM_III,79,8,4425,175,0,168,0,PLATINUM_IV,0,9,5624,74,0,65,0,PLATINUM_III,38,8,4291,208,0,164,0,PLATINUM_I,15,6,3048,242,0,219,0,DIAMOND_III,58,7,3649,145,0,121,0,PLATINUM_I,41,9,5682,229,0,230,0,PLATINUM_III,73,6,2838,90,0,91,0,PLATINUM_II,12,6,3115,24,0,27,0,PLATINUM_III,63,7,3715
59,0,57,0,PLATINUM_II,53,13,10770,186,0,183,0,PLATINUM_III,61,12,8994,360,0,338,0,DIAMOND_IV,74,12,9710,148,0,126,0,PLATINUM_II,81,11,7631,318,0,310,0,DIAMOND_IV,0,10,6235,53,0,60,0,PLATINUM_III,16,12,8751,256,0,272,0,PLATINUM_II,54,12,9589,91,0,89,0,PLATINUM_II,17,1,0,166,0,153,0,PLATINUM_II,0,13,10074,24,0,27,0,PLATINUM_III,63,12,8772
43,0,40,0,PLATINUM_II,52,15,14391,33,0,15,0,PLATINUM_II,75,13,10085,38,0,24,0,PLATINUM_IV,19,13,10980,132,0,111,0,PLATINUM_II,17,13,10213,74,0,55,0,DIAMOND_III,75,12,8652,224,0,226,0,PLATINUM_II,74,12,9484,46,0,45,0,PLATINUM_II,2,14,11484,9,0,21,0,GOLD_I,43,12,8698,307,0,268,0,DIAMOND_II,80,11,7548,24,0,27,0,PLATINUM_III,63,11,8504
53,0,73,0,PLATINUM_IV,45,15,13474,63,0,54,0,GOLD_II,89,15,13673,97,0,102,0,PLATINUM_III,24,15,14520,59,0,46,0,PLATINUM_III,38,15,13412,113,0,103,0,PLATINUM_III,33,13,10811,294,0,269,0,PLATINUM_IV,14,15,13245,88,0,80,0,GOLD_II,4,15,13138,253,0,205,0,PLATINUM_III,0,14,13001,312,0,301,0,PLATINUM_IV,41,14,12490,64,0,49,0,PLATINUM_IV,14,12,9637
65,0,63,0,GOLD_I,100,12,8850,251,0,244,0,PLATINUM_IV,76,10,7235,201,0,194,0,GOLD_III,75,10,6637,296,0,270,0,PLATINUM_IV,36,10,6957,240,0,235,0,PLATINUM_IV,0,9,5195,179,0,186,0,PLATINUM_IV,54,10,6200,88,0,80,0,GOLD_II,4,8,4739,253,0,205,0,PLATINUM_III,0,10,7217,144,0,135,0,PLATINUM_IV,2,8,4851,140,0,154,0,PLATINUM_IV,0,8,4572
378,0,373,0,PLATINUM_IV,0,13,10708,443,0,438,0,GOLD_III,61,15,14188,235,0,210,0,PLATINUM_IV,55,16,16146,151,0,124,0,GOLD_I,45,13,11357,33,0,46,0,GOLD_III,40,13,10410,195,0,178,0,PLATINUM_IV,74,15,14634,88,0,80,0,GOLD_II,4,17,17957,253,0,205,0,PLATINUM_III,0,16,14938,95,0,102,0,GOLD_I,7,14,12007,61,0,52,0,PLATINUM_IV,74,14,11558
113,0,86,0,PLATINUM_III,8,18,24720,360,0,352,0,PLATINUM_II,0,17,17804,64,0,37,0,PLATINUM_II,23,18,22240,66,0,60,0,PLATINUM_IV,48,17,17417,65,0,58,0,PLATINUM_III,5,16,15701,188,0,194,0,PLATINUM_IV,78,18,21921,516,0,487,0,PLATINUM_III,18,18,24420,253,0,205,0,PLATINUM_III,0,18,19417,129,0,98,0,PLATINUM_II,42,17,17932,259,0,238,0,PLATINUM_II,47,17,17754
193,0,181,0,PLATINUM_IV,75,16,15275,26,0,27,0,GOLD_I,100,15,14121,501,0,501,0,PLATINUM_III,55,15,14505,165,0,128,0,PLATINUM_II,23,14,12757,359,0,378,0,PLATINUM_IV,44,11,8454,89,0,98,0,PLATINUM_IV,0,12,9775,194,0,152,0,PLATINUM_IV,60,13,10783,253,0,205,0,PLATINUM_III,0,14,12071,523,0,496,0,PLATINUM_IV,14,13,9989,16,0,19,0,GOLD_III,46,12,9446
182,0,179,0,PLATINUM_IV,37,18,21010,83,0,69,0,PLATINUM_III,58,18,18615,382,0,373,0,PLATINUM_II,7,18,18886,62,0,55,0,PLATINUM_IV,46,17,18276,257,0,242,0,PLATINUM_IV,46,17,17510,347,0,353,0,PLATINUM_IV,75,18,21643,117,0,112,0,PLATINUM_II,42,18,19987,186,0,160,0,DIAMOND_III,51,18,20188,203,0,225,0,PLATINUM_IV,0,18,19581,145,0,148,0,PLATINUM_III,37,16,15801
107,0,85,0,PLATINUM_III,55,11,7606,331,0,315,0,GOLD_I,88,9,5334,258,0,258,0,PLATINUM_IV,68,11,7960,24,0,15,0,PLATINUM_II,9,9,5850,202,0,193,0,PLATINUM_IV,30,8,4244,321,0,313,0,PLATINUM_III,36,8,4660,206,0,190,0,PLATINUM_III,20,8,4515,77,0,77,0,GOLD_II,65,9,5562,205,0,214,0,PLATINUM_IV,37,9,5103,145,0,148,0,PLATINUM_III,37,7,3318
741,0,703,0,DIAMOND_III,75,15,13656,145,0,139,0,PLATINUM_III,54,14,12210,53,0,48,0,PLATINUM_II,49,15,13360,274,0,224,0,PLATINUM_II,5,13,10437,155,0,146,0,PLATINUM_IV,92,11,7775,241,0,244,0,PLATINUM_IV,78,15,13812,137,0,146,0,PLATINUM_IV,75,15,13998,273,0,259,0,PLATINUM_II,21,16,15456,478,0,484,0,PLATINUM_III,10,14,12302,145,0,148,0,PLATINUM_III,37,13,10962
231,0,221,0,PLATINUM_IV,38,16,16415,211,0,204,0,PLATINUM_IV,60,16,15599,243,0,262,0,PLATINUM_IV,18,16,15888,259,0,269,0,PLATINUM_III,11,14,12153,243,0,234,0,PLATINUM_III,52,14,11807,276,0,251,0,PLATINUM_II,19,18,18525,122,0,115,0,PLATINUM_III,57,16,14720,208,0,189,0,PLATINUM_II,38,17,16816,56,0,62,0,PLATINUM_III,48,16,16252,145,0,148,0,PLATINUM_III,37,13,10809
231,0,221,0,PLATINUM_IV,38,14,12958,249,0,261,0,PLATINUM_IV,12,16,15808,104,0,75,0,PLATINUM_II,16,15,14427,216,0,206,0,PLATINUM_III,59,15,13961,243,0,234,0,PLATINUM_III,52,13,10421,108,0,89,0,PLATINUM_III,5,14,12467,110,0,97,0,PLATINUM_IV,63,14,12155,87,0,73,0,PLATINUM_IV,33,13,11199,455,0,468,0,PLATINUM_IV,22,13,10038,145,0,148,0,PLATINUM_III,37,12,9864
21,0,19,0,PLATINUM_I,9,15,13731,40,0,25,0,PLATINUM_III,11,14,12552,237,0,237,0,GOLD_II,41,15,14371,33,0,29,0,PLATINUM_I,100,15,13109,5,0,5,0,PLATINUM_III,27,13,11263,27,0,24,0,PLATINUM_IV,7,12,9169,12,0,10,0,GOLD_I,32,15,13155,22,0,24,0,PLATINUM_IV,0,14,11595,61,0,65,0,PLATINUM_IV,0,14,11625,33,0,36,0,PLATINUM_I,92,12,9065
94,0,79,0,DIAMOND_IV,1,16,16272,18,0,13,0,GOLD_II,52,15,13071,237,0,237,0,GOLD_II,41,15,14069,73,0,44,0,DIAMOND_IV,57,14,11473,5,0,5,0,PLATINUM_III,27,13,10583,129,0,125,0,PLATINUM_II,78,13,11374,174,0,138,0,DIAMOND_IV,0,13,10326,97,0,91,0,PLATINUM_II,21,14,11571,239,0,215,0,PLATINUM_I,0,12,9185,201,0,200,0,PLATINUM_II,0,11,7498
153,0,136,0,PLATINUM_III,3,15,14291,237,0,237,0,GOLD_II,41,15,14044,17,0,12,0,GOLD_I,5,13,10944,16,0,33,0,GOLD_I,17,12,8943,5,0,5,0,PLATINUM_III,27,11,7755,14,0,27,0,PLATINUM_II,62,17,17138,102,0,92,0,PLATINUM_III,36,14,12745,105,0,118,0,GOLD_I,0,14,12847,59,0,53,0,PLATINUM_II,14,14,12752,13,0,16,0,PLATINUM_II,6,12,9761
14,0,27,0,PLATINUM_II,62,12,9291,102,0,92,0,PLATINUM_III,36,10,7247,237,0,237,0,GOLD_II,41,12,8627,85,0,116,0,PLATINUM_IV,0,9,5651,5,0,5,0,PLATINUM_III,27,10,6209,19,0,14,0,PLATINUM_IV,0,10,7255,24,0,17,0,GOLD_I,100,8,4643,32,0,32,0,GOLD_I,73,10,6128,329,0,276,0,MASTER_I,16,8,4672,115,0,123,0,PLATINUM_III,88,8,4309
111,0,77,0,DIAMOND_I,8,11,7979,254,0,244,0,DIAMOND_IV,0,11,8536,768,0,772,0,PLATINUM_II,33,12,9247,409,0,401,0,PLATINUM_IV,58,11,8222,32,0,37,0,PLATINUM_III,59,9,5476,241,0,241,0,DIAMOND_IV,37,13,11242,285,0,266,0,DIAMOND_II,8,13,10815,376,0,376,0,PLATINUM_III,35,13,10181,387,0,375,0,DIAMOND_III,12,12,9520,445,0,444,0,DIAMOND_IV,17,10,7159
269,0,253,0,PLATINUM_I,0,18,22798,121,0,116,0,DIAMOND_IV,0,18,26165,95,0,107,0,PLATINUM_II,59,18,23036,164,0,173,0,PLATINUM_III,30,18,21746,32,0,37,0,PLATINUM_III,59,18,22427,308,0,323,0,DIAMOND_IV,0,18,21448,233,0,212,0,PLATINUM_I,80,18,25243,101,0,110,0,PLATINUM_II,46,18,18662,87,0,61,0,PLATINUM_I,75,18,21906,323,0,343,0,DIAMOND_IV,27,17,17574
42,0,32,0,PLATINUM_I,8,18,21705,342,0,354,0,PLATINUM_IV,47,18,19478,370,0,326,0,DIAMOND_II,2,17,17558,342,0,357,0,GOLD_I,35,18,18948,32,0,37,0,PLATINUM_III,59,15,14662,144,0,146,0,PLATINUM_III,43,16,15267,249,0,256,0,PLATINUM_III,26,16,15081,399,0,372,0,DIAMOND_II,33,18,19431,121,0,118,0,PLATINUM_II,61,17,16699,155,0,150,0,PLATINUM_II,33,15,14098
93,0,110,0,GOLD_IV,37,12,8751,8,0,9,0,SILVER_II,23,10,6334,73,0,64,0,PLATINUM_IV,29,11,8144,65,0,53,0,SILVER_II,60,11,7971,32,0,37,0,PLATINUM_III,59,10,7255,83,0,88,0,GOLD_II,75,14,12024,94,0,102,0,GOLD_IV,10,12,9595,204,0,197,0,MASTER_I,326,14,12136,119,0,129,0,PLATINUM_III,60,10,6991,88,0,89,0,SILVER_IV,13,10,7118
161,0,120,0,DIAMOND_II,5,14,12386,295,0,277,0,PLATINUM_II,6,13,10578,214,0,195,0,PLATINUM_I,0,12,9546,304,0,286,0,PLATINUM_II,24,11,7887,32,0,37,0,PLATINUM_III,59,13,10212,459,0,449,0,DIAMOND_IV,0,13,10853,97,0,79,0,PLATINUM_I,25,10,6970,106,0,136,0,PLATINUM_IV,42,12,9632,461,0,468,0,PLATINUM_II,31,11,7865,168,0,126,0,PLATINUM_II,0,9,6047
107,0,83,0,PLATINUM_III,20,17,17203,25,0,19,0,GOLD_II,54,17,16577,203,0,195,0,PLATINUM_III,13,12,8999,115,0,98,0,DIAMOND_IV,1,16,15585,206,0,179,0,PLATINUM_II,14,16,14847,29,0,33,0,PLATINUM_III,23,15,14415,347,0,357,0,PLATINUM_IV,41,15,14255,177,0,197,0,PLATINUM_II,14,15,13882,159,0,155,0,GOLD_III,22,15,14082,38,0,38,0,PLATINUM_III,16,14,11847
468,0,447,0,PLATINUM_IV,16,17,17360,73,0,63,0,PLATINUM_III,18,16,15273,392,0,426,0,PLATINUM_III,1,16,16355,39,0,31,0,PLATINUM_III,8,16,16059,111,0,108,0,PLATINUM_IV,90,15,14453,29,0,33,0,PLATINUM_III,23,17,17582,33,0,20,0,PLATINUM_II,18,18,20725,238,0,217,0,PLATINUM_III,0,18,18958,240,0,246,0,PLATINUM_II,5,17,17798,87,0,91,0,PLATINUM_I,35,14,12188
87,0,75,0,PLATINUM_II,43,18,18420,244,0,224,0,PLATINUM_III,15,17,17295,129,0,111,0,PLATINUM_I,3,17,17397,156,0,162,0,PLATINUM_II,28,17,16555,54,0,48,0,PLATINUM_III,57,16,15520,29,0,33,0,PLATINUM_III,23,17,16887,361,0,354,0,PLATINUM_III,57,17,17700,471,0,494,0,DIAMOND_III,2,18,18699,142,0,139,0,PLATINUM_III,43,17,17186,712,0,701,0,PLATINUM_III,43,14,11994
176,0,151,0,PLATINUM_II,93,17,16735,223,0,217,0,PLATINUM_III,60,13,10610,158,0,151,0,PLATINUM_III,99,13,11348,89,0,76,0,PLATINUM_III,31,13,10358,100,0,70,0,PLATINUM_III,37,12,9477,67,0,48,0,PLATINUM_IV,22,13,10091,99,0,87,0,PLATINUM_I,19,15,13204,33,0,37,0,PLATINUM_IV,85,13,11387,65,0,56,0,PLATINUM_III,88,13,10577,214,0,187,0,PLATINUM_IV,0,11,7525
188,0,203,0,PLATINUM_III,91,10,6257,223,0,217,0,PLATINUM_III,60,9,5720,688,0,707,0,PLATINUM_III,22,10,6523,156,0,144,0,PLATINUM_III,29,8,4555,92,0,83,0,PLATINUM_II,11,8,4316,52,0,42,0,PLATINUM_II,30,11,8090,389,0,379,0,PLATINUM_I,8,9,5829,51,0,42,0,PLATINUM_III,56,10,7070,126,0,134,0,PLATINUM_III,82,11,7322,174,0,162,0,PLATINUM_III,50,8,4886
58,0,51,0,PLATINUM_IV,23,2,575,223,0,217,0,PLATINUM_III,60,3,725,375,0,375,0,PLATINUM_IV,77,3,904,666,0,654,0,PLATINUM_II,69,2,437,397,0,402,0,PLATINUM_IV,44,2,438,61,0,36,0,PLATINUM_IV,37,4,1184,119,0,93,0,GOLD_I,21,3,838,155,0,117,0,PLATINUM_IV,17,1,0,127,0,115,0,PLATINUM_III,46,2,511,62,0,71,0,PLATINUM_II,67,2,451
119,0,121,0,PLATINUM_IV,57,18,21575,333,0,316,0,PLATINUM_I,23,18,19510,146,0,136,0,PLATINUM_II,51,17,16624,90,0,64,0,PLATINUM_III,86,18,18532,239,0,157,0,PLATINUM_III,56,15,14292,127,0,102,0,PLATINUM_I,21,18,19671,62,0,56,0,PLATINUM_III,57,16,16142,108,0,88,0,PLATINUM_II,14,17,18096,155,0,151,0,PLATINUM_III,33,16,15965,232,0,222,0,PLATINUM_III,15,16,15386
146,0,142,0,PLATINUM_II,11,16,16254,98,0,92,0,PLATINUM_II,57,17,16827,146,0,136,0,PLATINUM_II,51,18,18869,90,0,64,0,PLATINUM_III,86,16,15532,67,0,61,0,PLATINUM_II,2,14,12594,99,0,79,0,PLATINUM_III,43,17,16661,147,0,121,0,PLATINUM_III,44,14,12747,1329,0,1366,0,PLATINUM_II,35,14,12691,200,0,187,0,PLATINUM_III,50,14,12898,286,0,276,0,PLATINUM_III,2,13,10027
325,0,313,0,PLATINUM_IV,83,14,12894,95,0,81,0,PLATINUM_III,31,14,12467,236,0,236,0,PLATINUM_IV,33,13,10300,90,0,64,0,PLATINUM_III,86,12,9015,57,0,52,0,PLATINUM_IV,63,11,7361,209,0,193,0,PLATINUM_III,43,14,11620,239,0,246,0,PLATINUM_III,31,13,10068,552,0,527,0,PLATINUM_II,14,13,11030,93,0,87,0,PLATINUM_IV,32,12,8694,357,0,302,0,PLATINUM_III,28,10,7234
78,0,43,0,PLATINUM_II,5,14,12527,366,0,361,0,GOLD_I,59,14,11687,213,0,207,0,PLATINUM_IV,14,12,9716,90,0,64,0,PLATINUM_III,86,13,10092,263,0,266,0,PLATINUM_IV,46,12,8957,132,0,123,0,PLATINUM_III,48,11,8555,109,0,108,0,PLATINUM_IV,34,10,7281,280,0,273,0,PLATINUM_IV,33,12,9371,129,0,140,0,PLATINUM_III,0,11,7935,202,0,198,0,PLATINUM_IV,28,10,6627
142,0,139,0,PLATINUM_III,29,16,15053,272,0,289,0,PLATINUM_IV,46,16,15811,276,0,238,0,PLATINUM_III,50,16,14714,90,0,64,0,PLATINUM_III,86,13,11154,207,0,165,0,PLATINUM_III,75,13,10001,107,0,102,0,PLATINUM_IV,56,14,12125,99,0,66,0,PLATINUM_IV,68,14,11974,591,0,589,0,PLATINUM_IV,73,13,9979,379,0,366,0,PLATINUM_II,33,14,12829,241,0,225,0,PLATINUM_III,90,12,8992
410,0,431,0,PLATINUM_II,29,15,13499,226,0,232,0,PLATINUM_III,74,15,13397,72,0,73,0,PLATINUM_II,64,14,12489,127,0,152,0,PLATINUM_IV,0,13,10222,155,0,144,0,PLATINUM_I,38,12,8676,49,0,53,0,PLATINUM_III,42,12,9439,375,0,368,0,DIAMOND_IV,1,11,7892,189,0,200,0,PLATINUM_III,14,13,11151,357,0,379,0,PLATINUM_III,35,12,8756,38,0,30,0,PLATINUM_III,62,11,7649
66,0,71,0,PLATINUM_II,89,17,16532,87,0,97,0,PLATINUM_II,17,15,13967,245,0,213,0,DIAMOND_IV,31,17,17494,271,0,270,0,PLATINUM_IV,62,16,15709,176,0,177,0,PLATINUM_IV,75,13,10834,49,0,53,0,PLATINUM_III,42,14,12691,274,0,282,0,PLATINUM_III,6,15,13908,119,0,121,0,PLATINUM_IV,0,14,11765,68,0,72,0,PLATINUM_II,36,14,11776,38,0,30,0,PLATINUM_III,62,15,14618
124,0,107,0,PLATINUM_I,78,18,19293,113,0,94,0,PLATINUM_I,25,16,16042,118,0,74,0,DIAMOND_IV,94,18,18597,448,0,437,0,PLATINUM_I,75,17,16575,86,0,79,0,PLATINUM_I,75,15,13431,49,0,53,0,PLATINUM_III,42,15,13928,264,0,277,0,PLATINUM_IV,0,16,15872,228,0,190,0,PLATINUM_I,75,16,15728,161,0,170,0,PLATINUM_II,15,15,13261,38,0,30,0,PLATINUM_III,62,13,11232
150,0,140,0,PLATINUM_III,86,16,16177,515,0,492,0,DIAMOND_III,71,15,13278,484,0,478,0,PLATINUM_I,11,15,13901,355,0,361,0,DIAMOND_III,42,15,14291,315,0,300,0,DIAMOND_III,0,12,9366,49,0,53,0,PLATINUM_III,42,16,15337,227,0,182,0,PLATINUM_I,65,16,14872,75,0,59,0,DIAMOND_IV,11,16,16296,448,0,424,0,PLATINUM_I,38,16,16093,38,0,30,0,PLATINUM_III,62,15,14089
41,0,38,0,PLATINUM_I,100,18,18404,167,0,191,0,PLATINUM_III,35,15,13718,22,0,18,0,PLATINUM_III,62,18,18657,221,0,182,0,PLATINUM_I,75,15,13226,91,0,48,0,DIAMOND_III,95,14,11626,49,0,53,0,PLATINUM_III,42,16,15282,64,0,65,0,PLATINUM_II,25,15,13682,265,0,251,0,PLATINUM_II,20,15,14122,92,0,81,0,PLATINUM_I,75,15,14322,38,0,30,0,PLATINUM_III,62,12,9776
44,0,48,0,PLATINUM_IV,40,14,12934,57,0,47,0,PLATINUM_IV,0,13,11163,345,0,320,0,PLATINUM_III,98,15,14156,103,0,103,0,GOLD_I,46,14,11539,116,0,142,0,PLATINUM_III,14,12,9171,125,0,120,0,PLATINUM_III,33,16,15804,125,0,115,0,PLATINUM_III,59,17,16591,248,0,208,0,PLATINUM_III,57,15,14201,111,0,107,0,PLATINUM_III,15,14,11997,124,0,142,0,PLATINUM_III,45,13,10387
298,0,255,0,PLATINUM_I,55,16,15708,209,0,191,0,PLATINUM_III,58,15,14275,149,0,148,0,PLATINUM_III,7,16,15526,145,0,137,0,PLATINUM_I,2,14,12508,112,0,86,0,PLATINUM_II,49,12,9566,46,0,36,0,PLATINUM_III,21,14,12834,481,0,443,0,DIAMOND_IV,20,14,12689,53,0,57,0,PLATINUM_III,40,13,11178,127,0,113,0,PLATINUM_III,16,12,9871,124,0,142,0,PLATINUM_III,45,12,9687
75,0,65,0,PLATINUM_I,47,13,10725,241,0,260,0,PLATINUM_II,45,12,9781,452,0,416,0,DIAMOND_IV,45,14,11757,127,0,100,0,DIAMOND_III,2,11,8494,231,0,237,0,PLATINUM_III,75,11,8504,366,0,356,0,PLATINUM_IV,43,13,11224,253,0,256,0,PLATINUM_IV,7,11,7387,337,0,331,0,PLATINUM_I,15,9,5740,187,0,201,0,PLATINUM_IV,15,9,5916,124,0,142,0,PLATINUM_III,45,12,8969
200,0,190,0,PLATINUM_III,31,14,11750,183,0,169,0,PLATINUM_II,15,14,12388,43,0,66,0,PLATINUM_IV,62,15,13230,155,0,159,0,PLATINUM_II,32,13,11348,231,0,237,0,PLATINUM_III,75,12,9553,149,0,151,0,PLATINUM_III,91,12,8653,48,0,61,0,PLATINUM_II,24,11,8519,40,0,23,0,PLATINUM_III,18,14,11822,258,0,250,0,PLATINUM_II,45,12,8963,124,0,142,0,PLATINUM_III,45,11,7647
85,0,79,0,PLATINUM_IV,40,16,15564,56,0,66,0,PLATINUM_III,77,16,16412,190,0,194,0,PLATINUM_III,33,16,15319,312,0,302,0,PLATINUM_IV,22,14,12543,154,0,142,0,PLATINUM_III,75,14,11767,153,0,133,0,PLATINUM_IV,15,15,13759,163,0,165,0,PLATINUM_III,32,14,12167,129,0,125,0,PLATINUM_III,10,15,13502,30,0,20,0,PLATINUM_IV,41,13,10786,71,0,75,0,PLATINUM_III,2,13,11086
332,0,340,0,PLATINUM_IV,0,10,6254,153,0,157,0,PLATINUM_II,0,8,4741,78,0,80,0,PLATINUM_II,0,11,7344,320,0,308,0,PLATINUM_IV,64,8,4576,123,0,131,0,PLATINUM_IV,62,8,4422,176,0,168,0,PLATINUM_III,12,11,8014,75,0,94,0,PLATINUM_III,52,10,6358,93,0,80,0,PLATINUM_I,0,10,7054,61,0,72,0,GOLD_III,69,9,6062,71,0,75,0,PLATINUM_III,2,9,5646
239,0,224,0,DIAMOND_IV,0,14,12807,659,0,667,0,PLATINUM_IV,54,15,14165,112,0,108,0,PLATINUM_III,17,14,12799,373,0,355,0,DIAMOND_III,0,14,11822,121,0,107,0,PLATINUM_IV,90,13,9986,280,0,244,0,PLATINUM_IV,61,14,11835,244,0,252,0,PLATINUM_IV,61,12,9098,380,0,336,0,DIAMOND_IV,1,14,12932,473,0,470,0,PLATINUM_II,0,12,9869,71,0,75,0,PLATINUM_III,2,11,7558
476,0,472,0,PLATINUM_III,46,14,12142,134,0,112,0,DIAMOND_III,7,13,10941,539,0,546,0,PLATINUM_IV,69,13,10979,599,0,596,0,PLATINUM_I,43,12,8818,317,0,320,0,PLATINUM_III,41,11,8265,147,0,132,0,PLATINUM_II,33,14,12718,210,0,201,0,PLATINUM_IV,75,14,11642,133,0,130,0,PLATINUM_III,2,15,14133,102,0,78,0,PLATINUM_I,100,13,10781,71,0,75,0,PLATINUM_III,2,13,10996
183,0,176,0,PLATINUM_III,79,14,12071,197,0,196,0,PLATINUM_IV,44,11,7529,434,0,434,0,PLATINUM_IV,42,12,9674,346,0,355,0,PLATINUM_IV,14,11,7578,286,0,250,0,PLATINUM_II,60,10,6689,339,0,362,0,PLATINUM_IV,7,14,12207,129,0,114,0,PLATINUM_II,55,13,10833,163,0,155,0,PLATINUM_III,51,14,12061,793,0,743,0,DIAMOND_II,59,13,10001,71,0,75,0,PLATINUM_III,2,12,9036
495,0,497,0,PLATINUM_IV,14,16,16391,457,0,466,0,PLATINUM_III,2,16,15165,229,0,231,0,PLATINUM_IV,0,15,14626,558,0,559,0,PLATINUM_III,7,14,11637,116,0,109,0,PLATINUM_IV,30,14,11969,77,0,86,0,GOLD_I,14,16,15711,49,0,43,0,GOLD_I,38,13,10169,74,0,79,0,PLATINUM_III,39,14,11714,147,0,166,0,PLATINUM_IV,0,12,9809,408,0,426,0,PLATINUM_IV,66,12,8963
68,0,80,0,GOLD_I,13,18,20987,264,0,280,0,PLATINUM_IV,57,18,19044,176,0,171,0,PLATINUM_IV,0,17,16880,96,0,114,0,PLATINUM_IV,14,18,18574,147,0,146,0,PLATINUM_III,84,15,13353,319,0,294,0,PLATINUM_IV,75,18,18464,128,0,115,0,PLATINUM_III,29,18,23496,74,0,79,0,PLATINUM_III,39,18,23644,147,0,166,0,PLATINUM_IV,0,18,22415,98,0,77,0,PLATINUM_II,53,18,20844
